[2026-06-07 16:27:20] local.ERROR: Required @OA\Info() not found {"exception":"[object] (ErrorException(code: 0): Required @OA\\Info() not found at C:/laragon/www/api-UAS-GoTravelJatim--main/vendor/zircote/swagger-php/src/Loggers/DefaultLogger.php:23)
[stacktrace]
#0 C:/laragon/www/api-UAS-GoTravelJatim--main/vendor/laravel/framework/src/Illuminate/Foundation/Bootstrap/HandleExceptions.php(258): Illuminate/Foundation/Bootstrap/HandleExceptions->handleError(512, 'Required @OA//In...', 'C://laragon//www//...', 23)
#1 [internal function]: Illuminate/Foundation/Bootstrap/HandleExceptions->Illuminate/Foundation/Bootstrap/{closure}(512, 'Required @OA//In...', 'C://laragon//www//...', 23)
#2 C:/laragon/www/api-UAS-GoTravelJatim--main/vendor/zircote/swagger-php/src/Loggers/DefaultLogger.php(23): trigger_error('Required @OA//In...', 512)
#3 C:/laragon/www/api-UAS-GoTravelJatim--main/vendor/psr/log/src/LoggerTrait.php(61): OpenApi/Loggers/DefaultLogger->log('warning', 'Required @OA//In...', Array)
#4 C:/laragon/www/api-UAS-GoTravelJatim--main/vendor/zircote/swagger-php/src/Annotations/AbstractAnnotation.php(549): Psr/Log/AbstractLogger->warning('Required @OA//In...')
#5 C:/laragon/www/api-UAS-GoTravelJatim--main/vendor/zircote/swagger-php/src/Annotations/OpenApi.php(162): OpenApi/Annotations/AbstractAnnotation->validate(Object(OpenApi/Analysis), '3.0.0', Object(stdClass))
#6 C:/laragon/www/api-UAS-GoTravelJatim--main/vendor/zircote/swagger-php/src/Analysis.php(402): OpenApi/Annotations/OpenApi->validate(Object(OpenApi/Analysis), '3.0.0', Object(stdClass))
#7 C:/laragon/www/api-UAS-GoTravelJatim--main/vendor/zircote/swagger-php/src/Generator.php(408): OpenApi/Analysis->validate()
#8 C:/laragon/www/api-UAS-GoTravelJatim--main/vendor/darkaonline/l5-swagger/src/Generator.php(177): OpenApi/Generator->generate(Object(OpenApi/SourceFinder), Object(OpenApi/Analysis))
#9 C:/laragon/www/api-UAS-GoTravelJatim--main/vendor/darkaonline/l5-swagger/src/Generator.php(118): L5Swagger/Generator->scanFilesForDocumentation()
#10 C:/laragon/www/api-UAS-GoTravelJatim--main/vendor/darkaonline/l5-swagger/src/Console/GenerateDocsCommand.php(73): L5Swagger/Generator->generateDocs()
#11 C:/laragon/www/api-UAS-GoTravelJatim--main/vendor/darkaonline/l5-swagger/src/Console/GenerateDocsCommand.php(56): L5Swagger/Console/GenerateDocsCommand->generateDocumentation(Object(L5Swagger/GeneratorFactory), 'default')
#12 C:/laragon/www/api-UAS-GoTravelJatim--main/vendor/laravel/framework/src/Illuminate/Container/BoundMethod.php(36): L5Swagger/Console/GenerateDocsCommand->handle(Object(L5Swagger/GeneratorFactory))
#13 C:/laragon/www/api-UAS-GoTravelJatim--main/vendor/laravel/framework/src/Illuminate/Container/Util.php(43): Illuminate/Container/BoundMethod::Illuminate/Container/{closure}()
#14 C:/laragon/www/api-UAS-GoTravelJatim--main/vendor/laravel/framework/src/Illuminate/Container/BoundMethod.php(96): Illuminate/Container/Util::unwrapIfClosure(Object(Closure))
#15 C:/laragon/www/api-UAS-GoTravelJatim--main/vendor/laravel/framework/src/Illuminate/Container/BoundMethod.php(35): Illuminate/Container/BoundMethod::callBoundMethod(Object(Illuminate/Foundation/Application), Array, Object(Closure))
#16 C:/laragon/www/api-UAS-GoTravelJatim--main/vendor/laravel/framework/src/Illuminate/Container/Container.php(799): Illuminate/Container/BoundMethod::call(Object(Illuminate/Foundation/Application), Array, Array, NULL)
#17 C:/laragon/www/api-UAS-GoTravelJatim--main/vendor/laravel/framework/src/Illuminate/Console/Command.php(280): Illuminate/Container/Container->call(Array)
#18 C:/laragon/www/api-UAS-GoTravelJatim--main/vendor/symfony/console/Command/Command.php(341): Illuminate/Console/Command->execute(Object(Symfony/Component/Console/Input/ArgvInput), Object(Illuminate/Console/OutputStyle))
#19 C:/laragon/www/api-UAS-GoTravelJatim--main/vendor/laravel/framework/src/Illuminate/Console/Command.php(249): Symfony/Component/Console/Command/Command->run(Object(Symfony/Component/Console/Input/ArgvInput), Object(Illuminate/Console/OutputStyle))
#20 C:/laragon/www/api-UAS-GoTravelJatim--main/vendor/symfony/console/Application.php(1117): Illuminate/Console/Command->run(Object(Symfony/Component/Console/Input/ArgvInput), Object(Symfony/Component/Console/Output/ConsoleOutput))
#21 C:/laragon/www/api-UAS-GoTravelJatim--main/vendor/symfony/console/Application.php(356): Symfony/Component/Console/Application->doRunCommand(Object(L5Swagger/Console/GenerateDocsCommand), Object(Symfony/Component/Console/Input/ArgvInput), Object(Symfony/Component/Console/Output/ConsoleOutput))
#22 C:/laragon/www/api-UAS-GoTravelJatim--main/vendor/symfony/console/Application.php(195): Symfony/Component/Console/Application->doRun(Object(Symfony/Component/Console/Input/ArgvInput), Object(Symfony/Component/Console/Output/ConsoleOutput))
#23 C:/laragon/www/api-UAS-GoTravelJatim--main/vendor/laravel/framework/src/Illuminate/Foundation/Console/Kernel.php(198): Symfony/Component/Console/Application->run(Object(Symfony/Component/Console/Input/ArgvInput), Object(Symfony/Component/Console/Output/ConsoleOutput))
#24 C:/laragon/www/api-UAS-GoTravelJatim--main/vendor/laravel/framework/src/Illuminate/Foundation/Application.php(1235): Illuminate/Foundation/Console/Kernel->handle(Object(Symfony/Component/Console/Input/ArgvInput), Object(Symfony/Component/Console/Output/ConsoleOutput))
#25 C:/laragon/www/api-UAS-GoTravelJatim--main/artisan(16): Illuminate/Foundation/Application->handleCommand(Object(Symfony/Component/Console/Input/ArgvInput))
#26 {main}
"} 
[2026-06-07 16:29:38] local.ERROR: Required @OA\Info() not found {"exception":"[object] (ErrorException(code: 0): Required @OA\\Info() not found at C:/laragon/www/api-UAS-GoTravelJatim--main/vendor/zircote/swagger-php/src/Loggers/DefaultLogger.php:23)
[stacktrace]
#0 C:/laragon/www/api-UAS-GoTravelJatim--main/vendor/laravel/framework/src/Illuminate/Foundation/Bootstrap/HandleExceptions.php(258): Illuminate/Foundation/Bootstrap/HandleExceptions->handleError(512, 'Required @OA//In...', 'C://laragon//www//...', 23)
#1 [internal function]: Illuminate/Foundation/Bootstrap/HandleExceptions->Illuminate/Foundation/Bootstrap/{closure}(512, 'Required @OA//In...', 'C://laragon//www//...', 23)
#2 C:/laragon/www/api-UAS-GoTravelJatim--main/vendor/zircote/swagger-php/src/Loggers/DefaultLogger.php(23): trigger_error('Required @OA//In...', 512)
#3 C:/laragon/www/api-UAS-GoTravelJatim--main/vendor/psr/log/src/LoggerTrait.php(61): OpenApi/Loggers/DefaultLogger->log('warning', 'Required @OA//In...', Array)
#4 C:/laragon/www/api-UAS-GoTravelJatim--main/vendor/zircote/swagger-php/src/Annotations/AbstractAnnotation.php(549): Psr/Log/AbstractLogger->warning('Required @OA//In...')
#5 C:/laragon/www/api-UAS-GoTravelJatim--main/vendor/zircote/swagger-php/src/Annotations/OpenApi.php(162): OpenApi/Annotations/AbstractAnnotation->validate(Object(OpenApi/Analysis), '3.0.0', Object(stdClass))
#6 C:/laragon/www/api-UAS-GoTravelJatim--main/vendor/zircote/swagger-php/src/Analysis.php(402): OpenApi/Annotations/OpenApi->validate(Object(OpenApi/Analysis), '3.0.0', Object(stdClass))
#7 C:/laragon/www/api-UAS-GoTravelJatim--main/vendor/zircote/swagger-php/src/Generator.php(408): OpenApi/Analysis->validate()
#8 C:/laragon/www/api-UAS-GoTravelJatim--main/vendor/darkaonline/l5-swagger/src/Generator.php(177): OpenApi/Generator->generate(Object(OpenApi/SourceFinder), Object(OpenApi/Analysis))
#9 C:/laragon/www/api-UAS-GoTravelJatim--main/vendor/darkaonline/l5-swagger/src/Generator.php(118): L5Swagger/Generator->scanFilesForDocumentation()
#10 C:/laragon/www/api-UAS-GoTravelJatim--main/vendor/darkaonline/l5-swagger/src/Console/GenerateDocsCommand.php(73): L5Swagger/Generator->generateDocs()
#11 C:/laragon/www/api-UAS-GoTravelJatim--main/vendor/darkaonline/l5-swagger/src/Console/GenerateDocsCommand.php(56): L5Swagger/Console/GenerateDocsCommand->generateDocumentation(Object(L5Swagger/GeneratorFactory), 'default')
#12 C:/laragon/www/api-UAS-GoTravelJatim--main/vendor/laravel/framework/src/Illuminate/Container/BoundMethod.php(36): L5Swagger/Console/GenerateDocsCommand->handle(Object(L5Swagger/GeneratorFactory))
#13 C:/laragon/www/api-UAS-GoTravelJatim--main/vendor/laravel/framework/src/Illuminate/Container/Util.php(43): Illuminate/Container/BoundMethod::Illuminate/Container/{closure}()
#14 C:/laragon/www/api-UAS-GoTravelJatim--main/vendor/laravel/framework/src/Illuminate/Container/BoundMethod.php(96): Illuminate/Container/Util::unwrapIfClosure(Object(Closure))
#15 C:/laragon/www/api-UAS-GoTravelJatim--main/vendor/laravel/framework/src/Illuminate/Container/BoundMethod.php(35): Illuminate/Container/BoundMethod::callBoundMethod(Object(Illuminate/Foundation/Application), Array, Object(Closure))
#16 C:/laragon/www/api-UAS-GoTravelJatim--main/vendor/laravel/framework/src/Illuminate/Container/Container.php(799): Illuminate/Container/BoundMethod::call(Object(Illuminate/Foundation/Application), Array, Array, NULL)
#17 C:/laragon/www/api-UAS-GoTravelJatim--main/vendor/laravel/framework/src/Illuminate/Console/Command.php(280): Illuminate/Container/Container->call(Array)
#18 C:/laragon/www/api-UAS-GoTravelJatim--main/vendor/symfony/console/Command/Command.php(341): Illuminate/Console/Command->execute(Object(Symfony/Component/Console/Input/ArgvInput), Object(Illuminate/Console/OutputStyle))
#19 C:/laragon/www/api-UAS-GoTravelJatim--main/vendor/laravel/framework/src/Illuminate/Console/Command.php(249): Symfony/Component/Console/Command/Command->run(Object(Symfony/Component/Console/Input/ArgvInput), Object(Illuminate/Console/OutputStyle))
#20 C:/laragon/www/api-UAS-GoTravelJatim--main/vendor/symfony/console/Application.php(1117): Illuminate/Console/Command->run(Object(Symfony/Component/Console/Input/ArgvInput), Object(Symfony/Component/Console/Output/ConsoleOutput))
#21 C:/laragon/www/api-UAS-GoTravelJatim--main/vendor/symfony/console/Application.php(356): Symfony/Component/Console/Application->doRunCommand(Object(L5Swagger/Console/GenerateDocsCommand), Object(Symfony/Component/Console/Input/ArgvInput), Object(Symfony/Component/Console/Output/ConsoleOutput))
#22 C:/laragon/www/api-UAS-GoTravelJatim--main/vendor/symfony/console/Application.php(195): Symfony/Component/Console/Application->doRun(Object(Symfony/Component/Console/Input/ArgvInput), Object(Symfony/Component/Console/Output/ConsoleOutput))
#23 C:/laragon/www/api-UAS-GoTravelJatim--main/vendor/laravel/framework/src/Illuminate/Foundation/Console/Kernel.php(198): Symfony/Component/Console/Application->run(Object(Symfony/Component/Console/Input/ArgvInput), Object(Symfony/Component/Console/Output/ConsoleOutput))
#24 C:/laragon/www/api-UAS-GoTravelJatim--main/vendor/laravel/framework/src/Illuminate/Foundation/Application.php(1235): Illuminate/Foundation/Console/Kernel->handle(Object(Symfony/Component/Console/Input/ArgvInput), Object(Symfony/Component/Console/Output/ConsoleOutput))
#25 C:/laragon/www/api-UAS-GoTravelJatim--main/artisan(16): Illuminate/Foundation/Application->handleCommand(Object(Symfony/Component/Console/Input/ArgvInput))
#26 {main}
"} 
[2026-06-07 16:31:15] local.ERROR: Required @OA\Info() not found {"exception":"[object] (ErrorException(code: 0): Required @OA\\Info() not found at C:/laragon/www/api-UAS-GoTravelJatim--main/vendor/zircote/swagger-php/src/Loggers/DefaultLogger.php:23)
[stacktrace]
#0 C:/laragon/www/api-UAS-GoTravelJatim--main/vendor/laravel/framework/src/Illuminate/Foundation/Bootstrap/HandleExceptions.php(258): Illuminate/Foundation/Bootstrap/HandleExceptions->handleError(512, 'Required @OA//In...', 'C://laragon//www//...', 23)
#1 [internal function]: Illuminate/Foundation/Bootstrap/HandleExceptions->Illuminate/Foundation/Bootstrap/{closure}(512, 'Required @OA//In...', 'C://laragon//www//...', 23)
#2 C:/laragon/www/api-UAS-GoTravelJatim--main/vendor/zircote/swagger-php/src/Loggers/DefaultLogger.php(23): trigger_error('Required @OA//In...', 512)
#3 C:/laragon/www/api-UAS-GoTravelJatim--main/vendor/psr/log/src/LoggerTrait.php(61): OpenApi/Loggers/DefaultLogger->log('warning', 'Required @OA//In...', Array)
#4 C:/laragon/www/api-UAS-GoTravelJatim--main/vendor/zircote/swagger-php/src/Annotations/AbstractAnnotation.php(549): Psr/Log/AbstractLogger->warning('Required @OA//In...')
#5 C:/laragon/www/api-UAS-GoTravelJatim--main/vendor/zircote/swagger-php/src/Annotations/OpenApi.php(162): OpenApi/Annotations/AbstractAnnotation->validate(Object(OpenApi/Analysis), '3.0.0', Object(stdClass))
#6 C:/laragon/www/api-UAS-GoTravelJatim--main/vendor/zircote/swagger-php/src/Analysis.php(402): OpenApi/Annotations/OpenApi->validate(Object(OpenApi/Analysis), '3.0.0', Object(stdClass))
#7 C:/laragon/www/api-UAS-GoTravelJatim--main/vendor/zircote/swagger-php/src/Generator.php(408): OpenApi/Analysis->validate()
#8 C:/laragon/www/api-UAS-GoTravelJatim--main/vendor/darkaonline/l5-swagger/src/Generator.php(177): OpenApi/Generator->generate(Object(OpenApi/SourceFinder), Object(OpenApi/Analysis))
#9 C:/laragon/www/api-UAS-GoTravelJatim--main/vendor/darkaonline/l5-swagger/src/Generator.php(118): L5Swagger/Generator->scanFilesForDocumentation()
#10 C:/laragon/www/api-UAS-GoTravelJatim--main/vendor/darkaonline/l5-swagger/src/Console/GenerateDocsCommand.php(73): L5Swagger/Generator->generateDocs()
#11 C:/laragon/www/api-UAS-GoTravelJatim--main/vendor/darkaonline/l5-swagger/src/Console/GenerateDocsCommand.php(56): L5Swagger/Console/GenerateDocsCommand->generateDocumentation(Object(L5Swagger/GeneratorFactory), 'default')
#12 C:/laragon/www/api-UAS-GoTravelJatim--main/vendor/laravel/framework/src/Illuminate/Container/BoundMethod.php(36): L5Swagger/Console/GenerateDocsCommand->handle(Object(L5Swagger/GeneratorFactory))
#13 C:/laragon/www/api-UAS-GoTravelJatim--main/vendor/laravel/framework/src/Illuminate/Container/Util.php(43): Illuminate/Container/BoundMethod::Illuminate/Container/{closure}()
#14 C:/laragon/www/api-UAS-GoTravelJatim--main/vendor/laravel/framework/src/Illuminate/Container/BoundMethod.php(96): Illuminate/Container/Util::unwrapIfClosure(Object(Closure))
#15 C:/laragon/www/api-UAS-GoTravelJatim--main/vendor/laravel/framework/src/Illuminate/Container/BoundMethod.php(35): Illuminate/Container/BoundMethod::callBoundMethod(Object(Illuminate/Foundation/Application), Array, Object(Closure))
#16 C:/laragon/www/api-UAS-GoTravelJatim--main/vendor/laravel/framework/src/Illuminate/Container/Container.php(799): Illuminate/Container/BoundMethod::call(Object(Illuminate/Foundation/Application), Array, Array, NULL)
#17 C:/laragon/www/api-UAS-GoTravelJatim--main/vendor/laravel/framework/src/Illuminate/Console/Command.php(280): Illuminate/Container/Container->call(Array)
#18 C:/laragon/www/api-UAS-GoTravelJatim--main/vendor/symfony/console/Command/Command.php(341): Illuminate/Console/Command->execute(Object(Symfony/Component/Console/Input/ArgvInput), Object(Illuminate/Console/OutputStyle))
#19 C:/laragon/www/api-UAS-GoTravelJatim--main/vendor/laravel/framework/src/Illuminate/Console/Command.php(249): Symfony/Component/Console/Command/Command->run(Object(Symfony/Component/Console/Input/ArgvInput), Object(Illuminate/Console/OutputStyle))
#20 C:/laragon/www/api-UAS-GoTravelJatim--main/vendor/symfony/console/Application.php(1117): Illuminate/Console/Command->run(Object(Symfony/Component/Console/Input/ArgvInput), Object(Symfony/Component/Console/Output/ConsoleOutput))
#21 C:/laragon/www/api-UAS-GoTravelJatim--main/vendor/symfony/console/Application.php(356): Symfony/Component/Console/Application->doRunCommand(Object(L5Swagger/Console/GenerateDocsCommand), Object(Symfony/Component/Console/Input/ArgvInput), Object(Symfony/Component/Console/Output/ConsoleOutput))
#22 C:/laragon/www/api-UAS-GoTravelJatim--main/vendor/symfony/console/Application.php(195): Symfony/Component/Console/Application->doRun(Object(Symfony/Component/Console/Input/ArgvInput), Object(Symfony/Component/Console/Output/ConsoleOutput))
#23 C:/laragon/www/api-UAS-GoTravelJatim--main/vendor/laravel/framework/src/Illuminate/Foundation/Console/Kernel.php(198): Symfony/Component/Console/Application->run(Object(Symfony/Component/Console/Input/ArgvInput), Object(Symfony/Component/Console/Output/ConsoleOutput))
#24 C:/laragon/www/api-UAS-GoTravelJatim--main/vendor/laravel/framework/src/Illuminate/Foundation/Application.php(1235): Illuminate/Foundation/Console/Kernel->handle(Object(Symfony/Component/Console/Input/ArgvInput), Object(Symfony/Component/Console/Output/ConsoleOutput))
#25 C:/laragon/www/api-UAS-GoTravelJatim--main/artisan(16): Illuminate/Foundation/Application->handleCommand(Object(Symfony/Component/Console/Input/ArgvInput))
#26 {main}
"} 
[2026-06-07 16:32:36] local.ERROR: Required @OA\Info() not found {"exception":"[object] (ErrorException(code: 0): Required @OA\\Info() not found at C:/laragon/www/api-UAS-GoTravelJatim--main/vendor/zircote/swagger-php/src/Loggers/DefaultLogger.php:23)
[stacktrace]
#0 C:/laragon/www/api-UAS-GoTravelJatim--main/vendor/laravel/framework/src/Illuminate/Foundation/Bootstrap/HandleExceptions.php(258): Illuminate/Foundation/Bootstrap/HandleExceptions->handleError(512, 'Required @OA//In...', 'C://laragon//www//...', 23)
#1 [internal function]: Illuminate/Foundation/Bootstrap/HandleExceptions->Illuminate/Foundation/Bootstrap/{closure}(512, 'Required @OA//In...', 'C://laragon//www//...', 23)
#2 C:/laragon/www/api-UAS-GoTravelJatim--main/vendor/zircote/swagger-php/src/Loggers/DefaultLogger.php(23): trigger_error('Required @OA//In...', 512)
#3 C:/laragon/www/api-UAS-GoTravelJatim--main/vendor/psr/log/src/LoggerTrait.php(61): OpenApi/Loggers/DefaultLogger->log('warning', 'Required @OA//In...', Array)
#4 C:/laragon/www/api-UAS-GoTravelJatim--main/vendor/zircote/swagger-php/src/Annotations/AbstractAnnotation.php(549): Psr/Log/AbstractLogger->warning('Required @OA//In...')
#5 C:/laragon/www/api-UAS-GoTravelJatim--main/vendor/zircote/swagger-php/src/Annotations/OpenApi.php(162): OpenApi/Annotations/AbstractAnnotation->validate(Object(OpenApi/Analysis), '3.0.0', Object(stdClass))
#6 C:/laragon/www/api-UAS-GoTravelJatim--main/vendor/zircote/swagger-php/src/Analysis.php(402): OpenApi/Annotations/OpenApi->validate(Object(OpenApi/Analysis), '3.0.0', Object(stdClass))
#7 C:/laragon/www/api-UAS-GoTravelJatim--main/vendor/zircote/swagger-php/src/Generator.php(408): OpenApi/Analysis->validate()
#8 C:/laragon/www/api-UAS-GoTravelJatim--main/vendor/darkaonline/l5-swagger/src/Generator.php(177): OpenApi/Generator->generate(Object(OpenApi/SourceFinder), Object(OpenApi/Analysis))
#9 C:/laragon/www/api-UAS-GoTravelJatim--main/vendor/darkaonline/l5-swagger/src/Generator.php(118): L5Swagger/Generator->scanFilesForDocumentation()
#10 C:/laragon/www/api-UAS-GoTravelJatim--main/vendor/darkaonline/l5-swagger/src/Console/GenerateDocsCommand.php(73): L5Swagger/Generator->generateDocs()
#11 C:/laragon/www/api-UAS-GoTravelJatim--main/vendor/darkaonline/l5-swagger/src/Console/GenerateDocsCommand.php(56): L5Swagger/Console/GenerateDocsCommand->generateDocumentation(Object(L5Swagger/GeneratorFactory), 'default')
#12 C:/laragon/www/api-UAS-GoTravelJatim--main/vendor/laravel/framework/src/Illuminate/Container/BoundMethod.php(36): L5Swagger/Console/GenerateDocsCommand->handle(Object(L5Swagger/GeneratorFactory))
#13 C:/laragon/www/api-UAS-GoTravelJatim--main/vendor/laravel/framework/src/Illuminate/Container/Util.php(43): Illuminate/Container/BoundMethod::Illuminate/Container/{closure}()
#14 C:/laragon/www/api-UAS-GoTravelJatim--main/vendor/laravel/framework/src/Illuminate/Container/BoundMethod.php(96): Illuminate/Container/Util::unwrapIfClosure(Object(Closure))
#15 C:/laragon/www/api-UAS-GoTravelJatim--main/vendor/laravel/framework/src/Illuminate/Container/BoundMethod.php(35): Illuminate/Container/BoundMethod::callBoundMethod(Object(Illuminate/Foundation/Application), Array, Object(Closure))
#16 C:/laragon/www/api-UAS-GoTravelJatim--main/vendor/laravel/framework/src/Illuminate/Container/Container.php(799): Illuminate/Container/BoundMethod::call(Object(Illuminate/Foundation/Application), Array, Array, NULL)
#17 C:/laragon/www/api-UAS-GoTravelJatim--main/vendor/laravel/framework/src/Illuminate/Console/Command.php(280): Illuminate/Container/Container->call(Array)
#18 C:/laragon/www/api-UAS-GoTravelJatim--main/vendor/symfony/console/Command/Command.php(341): Illuminate/Console/Command->execute(Object(Symfony/Component/Console/Input/ArgvInput), Object(Illuminate/Console/OutputStyle))
#19 C:/laragon/www/api-UAS-GoTravelJatim--main/vendor/laravel/framework/src/Illuminate/Console/Command.php(249): Symfony/Component/Console/Command/Command->run(Object(Symfony/Component/Console/Input/ArgvInput), Object(Illuminate/Console/OutputStyle))
#20 C:/laragon/www/api-UAS-GoTravelJatim--main/vendor/symfony/console/Application.php(1117): Illuminate/Console/Command->run(Object(Symfony/Component/Console/Input/ArgvInput), Object(Symfony/Component/Console/Output/ConsoleOutput))
#21 C:/laragon/www/api-UAS-GoTravelJatim--main/vendor/symfony/console/Application.php(356): Symfony/Component/Console/Application->doRunCommand(Object(L5Swagger/Console/GenerateDocsCommand), Object(Symfony/Component/Console/Input/ArgvInput), Object(Symfony/Component/Console/Output/ConsoleOutput))
#22 C:/laragon/www/api-UAS-GoTravelJatim--main/vendor/symfony/console/Application.php(195): Symfony/Component/Console/Application->doRun(Object(Symfony/Component/Console/Input/ArgvInput), Object(Symfony/Component/Console/Output/ConsoleOutput))
#23 C:/laragon/www/api-UAS-GoTravelJatim--main/vendor/laravel/framework/src/Illuminate/Foundation/Console/Kernel.php(198): Symfony/Component/Console/Application->run(Object(Symfony/Component/Console/Input/ArgvInput), Object(Symfony/Component/Console/Output/ConsoleOutput))
#24 C:/laragon/www/api-UAS-GoTravelJatim--main/vendor/laravel/framework/src/Illuminate/Foundation/Application.php(1235): Illuminate/Foundation/Console/Kernel->handle(Object(Symfony/Component/Console/Input/ArgvInput), Object(Symfony/Component/Console/Output/ConsoleOutput))
#25 C:/laragon/www/api-UAS-GoTravelJatim--main/artisan(16): Illuminate/Foundation/Application->handleCommand(Object(Symfony/Component/Console/Input/ArgvInput))
#26 {main}
"} 
[2026-06-07 16:34:13] local.ERROR: Required @OA\Info() not found {"exception":"[object] (ErrorException(code: 0): Required @OA\\Info() not found at C:/laragon/www/api-UAS-GoTravelJatim--main/vendor/zircote/swagger-php/src/Loggers/DefaultLogger.php:23)
[stacktrace]
#0 C:/laragon/www/api-UAS-GoTravelJatim--main/vendor/laravel/framework/src/Illuminate/Foundation/Bootstrap/HandleExceptions.php(258): Illuminate/Foundation/Bootstrap/HandleExceptions->handleError(512, 'Required @OA//In...', 'C://laragon//www//...', 23)
#1 [internal function]: Illuminate/Foundation/Bootstrap/HandleExceptions->Illuminate/Foundation/Bootstrap/{closure}(512, 'Required @OA//In...', 'C://laragon//www//...', 23)
#2 C:/laragon/www/api-UAS-GoTravelJatim--main/vendor/zircote/swagger-php/src/Loggers/DefaultLogger.php(23): trigger_error('Required @OA//In...', 512)
#3 C:/laragon/www/api-UAS-GoTravelJatim--main/vendor/psr/log/src/LoggerTrait.php(61): OpenApi/Loggers/DefaultLogger->log('warning', 'Required @OA//In...', Array)
#4 C:/laragon/www/api-UAS-GoTravelJatim--main/vendor/zircote/swagger-php/src/Annotations/AbstractAnnotation.php(549): Psr/Log/AbstractLogger->warning('Required @OA//In...')
#5 C:/laragon/www/api-UAS-GoTravelJatim--main/vendor/zircote/swagger-php/src/Annotations/OpenApi.php(162): OpenApi/Annotations/AbstractAnnotation->validate(Object(OpenApi/Analysis), '3.0.0', Object(stdClass))
#6 C:/laragon/www/api-UAS-GoTravelJatim--main/vendor/zircote/swagger-php/src/Analysis.php(402): OpenApi/Annotations/OpenApi->validate(Object(OpenApi/Analysis), '3.0.0', Object(stdClass))
#7 C:/laragon/www/api-UAS-GoTravelJatim--main/vendor/zircote/swagger-php/src/Generator.php(408): OpenApi/Analysis->validate()
#8 C:/laragon/www/api-UAS-GoTravelJatim--main/vendor/darkaonline/l5-swagger/src/Generator.php(177): OpenApi/Generator->generate(Object(OpenApi/SourceFinder), Object(OpenApi/Analysis))
#9 C:/laragon/www/api-UAS-GoTravelJatim--main/vendor/darkaonline/l5-swagger/src/Generator.php(118): L5Swagger/Generator->scanFilesForDocumentation()
#10 C:/laragon/www/api-UAS-GoTravelJatim--main/vendor/darkaonline/l5-swagger/src/Console/GenerateDocsCommand.php(73): L5Swagger/Generator->generateDocs()
#11 C:/laragon/www/api-UAS-GoTravelJatim--main/vendor/darkaonline/l5-swagger/src/Console/GenerateDocsCommand.php(56): L5Swagger/Console/GenerateDocsCommand->generateDocumentation(Object(L5Swagger/GeneratorFactory), 'default')
#12 C:/laragon/www/api-UAS-GoTravelJatim--main/vendor/laravel/framework/src/Illuminate/Container/BoundMethod.php(36): L5Swagger/Console/GenerateDocsCommand->handle(Object(L5Swagger/GeneratorFactory))
#13 C:/laragon/www/api-UAS-GoTravelJatim--main/vendor/laravel/framework/src/Illuminate/Container/Util.php(43): Illuminate/Container/BoundMethod::Illuminate/Container/{closure}()
#14 C:/laragon/www/api-UAS-GoTravelJatim--main/vendor/laravel/framework/src/Illuminate/Container/BoundMethod.php(96): Illuminate/Container/Util::unwrapIfClosure(Object(Closure))
#15 C:/laragon/www/api-UAS-GoTravelJatim--main/vendor/laravel/framework/src/Illuminate/Container/BoundMethod.php(35): Illuminate/Container/BoundMethod::callBoundMethod(Object(Illuminate/Foundation/Application), Array, Object(Closure))
#16 C:/laragon/www/api-UAS-GoTravelJatim--main/vendor/laravel/framework/src/Illuminate/Container/Container.php(799): Illuminate/Container/BoundMethod::call(Object(Illuminate/Foundation/Application), Array, Array, NULL)
#17 C:/laragon/www/api-UAS-GoTravelJatim--main/vendor/laravel/framework/src/Illuminate/Console/Command.php(280): Illuminate/Container/Container->call(Array)
#18 C:/laragon/www/api-UAS-GoTravelJatim--main/vendor/symfony/console/Command/Command.php(341): Illuminate/Console/Command->execute(Object(Symfony/Component/Console/Input/ArgvInput), Object(Illuminate/Console/OutputStyle))
#19 C:/laragon/www/api-UAS-GoTravelJatim--main/vendor/laravel/framework/src/Illuminate/Console/Command.php(249): Symfony/Component/Console/Command/Command->run(Object(Symfony/Component/Console/Input/ArgvInput), Object(Illuminate/Console/OutputStyle))
#20 C:/laragon/www/api-UAS-GoTravelJatim--main/vendor/symfony/console/Application.php(1117): Illuminate/Console/Command->run(Object(Symfony/Component/Console/Input/ArgvInput), Object(Symfony/Component/Console/Output/ConsoleOutput))
#21 C:/laragon/www/api-UAS-GoTravelJatim--main/vendor/symfony/console/Application.php(356): Symfony/Component/Console/Application->doRunCommand(Object(L5Swagger/Console/GenerateDocsCommand), Object(Symfony/Component/Console/Input/ArgvInput), Object(Symfony/Component/Console/Output/ConsoleOutput))
#22 C:/laragon/www/api-UAS-GoTravelJatim--main/vendor/symfony/console/Application.php(195): Symfony/Component/Console/Application->doRun(Object(Symfony/Component/Console/Input/ArgvInput), Object(Symfony/Component/Console/Output/ConsoleOutput))
#23 C:/laragon/www/api-UAS-GoTravelJatim--main/vendor/laravel/framework/src/Illuminate/Foundation/Console/Kernel.php(198): Symfony/Component/Console/Application->run(Object(Symfony/Component/Console/Input/ArgvInput), Object(Symfony/Component/Console/Output/ConsoleOutput))
#24 C:/laragon/www/api-UAS-GoTravelJatim--main/vendor/laravel/framework/src/Illuminate/Foundation/Application.php(1235): Illuminate/Foundation/Console/Kernel->handle(Object(Symfony/Component/Console/Input/ArgvInput), Object(Symfony/Component/Console/Output/ConsoleOutput))
#25 C:/laragon/www/api-UAS-GoTravelJatim--main/artisan(16): Illuminate/Foundation/Application->handleCommand(Object(Symfony/Component/Console/Input/ArgvInput))
#26 {main}
"} 
[2026-06-07 16:35:34] local.ERROR: Required @OA\Info() not found {"exception":"[object] (ErrorException(code: 0): Required @OA\\Info() not found at C:/laragon/www/api-UAS-GoTravelJatim--main/vendor/zircote/swagger-php/src/Loggers/DefaultLogger.php:23)
[stacktrace]
#0 C:/laragon/www/api-UAS-GoTravelJatim--main/vendor/laravel/framework/src/Illuminate/Foundation/Bootstrap/HandleExceptions.php(258): Illuminate/Foundation/Bootstrap/HandleExceptions->handleError(512, 'Required @OA//In...', 'C://laragon//www//...', 23)
#1 [internal function]: Illuminate/Foundation/Bootstrap/HandleExceptions->Illuminate/Foundation/Bootstrap/{closure}(512, 'Required @OA//In...', 'C://laragon//www//...', 23)
#2 C:/laragon/www/api-UAS-GoTravelJatim--main/vendor/zircote/swagger-php/src/Loggers/DefaultLogger.php(23): trigger_error('Required @OA//In...', 512)
#3 C:/laragon/www/api-UAS-GoTravelJatim--main/vendor/psr/log/src/LoggerTrait.php(61): OpenApi/Loggers/DefaultLogger->log('warning', 'Required @OA//In...', Array)
#4 C:/laragon/www/api-UAS-GoTravelJatim--main/vendor/zircote/swagger-php/src/Annotations/AbstractAnnotation.php(549): Psr/Log/AbstractLogger->warning('Required @OA//In...')
#5 C:/laragon/www/api-UAS-GoTravelJatim--main/vendor/zircote/swagger-php/src/Annotations/OpenApi.php(162): OpenApi/Annotations/AbstractAnnotation->validate(Object(OpenApi/Analysis), '3.0.0', Object(stdClass))
#6 C:/laragon/www/api-UAS-GoTravelJatim--main/vendor/zircote/swagger-php/src/Analysis.php(402): OpenApi/Annotations/OpenApi->validate(Object(OpenApi/Analysis), '3.0.0', Object(stdClass))
#7 C:/laragon/www/api-UAS-GoTravelJatim--main/vendor/zircote/swagger-php/src/Generator.php(408): OpenApi/Analysis->validate()
#8 C:/laragon/www/api-UAS-GoTravelJatim--main/vendor/darkaonline/l5-swagger/src/Generator.php(177): OpenApi/Generator->generate(Object(OpenApi/SourceFinder), Object(OpenApi/Analysis))
#9 C:/laragon/www/api-UAS-GoTravelJatim--main/vendor/darkaonline/l5-swagger/src/Generator.php(118): L5Swagger/Generator->scanFilesForDocumentation()
#10 C:/laragon/www/api-UAS-GoTravelJatim--main/vendor/darkaonline/l5-swagger/src/Console/GenerateDocsCommand.php(73): L5Swagger/Generator->generateDocs()
#11 C:/laragon/www/api-UAS-GoTravelJatim--main/vendor/darkaonline/l5-swagger/src/Console/GenerateDocsCommand.php(56): L5Swagger/Console/GenerateDocsCommand->generateDocumentation(Object(L5Swagger/GeneratorFactory), 'default')
#12 C:/laragon/www/api-UAS-GoTravelJatim--main/vendor/laravel/framework/src/Illuminate/Container/BoundMethod.php(36): L5Swagger/Console/GenerateDocsCommand->handle(Object(L5Swagger/GeneratorFactory))
#13 C:/laragon/www/api-UAS-GoTravelJatim--main/vendor/laravel/framework/src/Illuminate/Container/Util.php(43): Illuminate/Container/BoundMethod::Illuminate/Container/{closure}()
#14 C:/laragon/www/api-UAS-GoTravelJatim--main/vendor/laravel/framework/src/Illuminate/Container/BoundMethod.php(96): Illuminate/Container/Util::unwrapIfClosure(Object(Closure))
#15 C:/laragon/www/api-UAS-GoTravelJatim--main/vendor/laravel/framework/src/Illuminate/Container/BoundMethod.php(35): Illuminate/Container/BoundMethod::callBoundMethod(Object(Illuminate/Foundation/Application), Array, Object(Closure))
#16 C:/laragon/www/api-UAS-GoTravelJatim--main/vendor/laravel/framework/src/Illuminate/Container/Container.php(799): Illuminate/Container/BoundMethod::call(Object(Illuminate/Foundation/Application), Array, Array, NULL)
#17 C:/laragon/www/api-UAS-GoTravelJatim--main/vendor/laravel/framework/src/Illuminate/Console/Command.php(280): Illuminate/Container/Container->call(Array)
#18 C:/laragon/www/api-UAS-GoTravelJatim--main/vendor/symfony/console/Command/Command.php(341): Illuminate/Console/Command->execute(Object(Symfony/Component/Console/Input/ArgvInput), Object(Illuminate/Console/OutputStyle))
#19 C:/laragon/www/api-UAS-GoTravelJatim--main/vendor/laravel/framework/src/Illuminate/Console/Command.php(249): Symfony/Component/Console/Command/Command->run(Object(Symfony/Component/Console/Input/ArgvInput), Object(Illuminate/Console/OutputStyle))
#20 C:/laragon/www/api-UAS-GoTravelJatim--main/vendor/symfony/console/Application.php(1117): Illuminate/Console/Command->run(Object(Symfony/Component/Console/Input/ArgvInput), Object(Symfony/Component/Console/Output/ConsoleOutput))
#21 C:/laragon/www/api-UAS-GoTravelJatim--main/vendor/symfony/console/Application.php(356): Symfony/Component/Console/Application->doRunCommand(Object(L5Swagger/Console/GenerateDocsCommand), Object(Symfony/Component/Console/Input/ArgvInput), Object(Symfony/Component/Console/Output/ConsoleOutput))
#22 C:/laragon/www/api-UAS-GoTravelJatim--main/vendor/symfony/console/Application.php(195): Symfony/Component/Console/Application->doRun(Object(Symfony/Component/Console/Input/ArgvInput), Object(Symfony/Component/Console/Output/ConsoleOutput))
#23 C:/laragon/www/api-UAS-GoTravelJatim--main/vendor/laravel/framework/src/Illuminate/Foundation/Console/Kernel.php(198): Symfony/Component/Console/Application->run(Object(Symfony/Component/Console/Input/ArgvInput), Object(Symfony/Component/Console/Output/ConsoleOutput))
#24 C:/laragon/www/api-UAS-GoTravelJatim--main/vendor/laravel/framework/src/Illuminate/Foundation/Application.php(1235): Illuminate/Foundation/Console/Kernel->handle(Object(Symfony/Component/Console/Input/ArgvInput), Object(Symfony/Component/Console/Output/ConsoleOutput))
#25 C:/laragon/www/api-UAS-GoTravelJatim--main/artisan(16): Illuminate/Foundation/Application->handleCommand(Object(Symfony/Component/Console/Input/ArgvInput))
#26 {main}
"} 
[2026-06-07 16:36:21] local.ERROR: Required @OA\Info() not found {"exception":"[object] (ErrorException(code: 0): Required @OA\\Info() not found at C:/laragon/www/api-UAS-GoTravelJatim--main/vendor/zircote/swagger-php/src/Loggers/DefaultLogger.php:23)
[stacktrace]
#0 C:/laragon/www/api-UAS-GoTravelJatim--main/vendor/laravel/framework/src/Illuminate/Foundation/Bootstrap/HandleExceptions.php(258): Illuminate/Foundation/Bootstrap/HandleExceptions->handleError(512, 'Required @OA//In...', 'C://laragon//www//...', 23)
#1 [internal function]: Illuminate/Foundation/Bootstrap/HandleExceptions->Illuminate/Foundation/Bootstrap/{closure}(512, 'Required @OA//In...', 'C://laragon//www//...', 23)
#2 C:/laragon/www/api-UAS-GoTravelJatim--main/vendor/zircote/swagger-php/src/Loggers/DefaultLogger.php(23): trigger_error('Required @OA//In...', 512)
#3 C:/laragon/www/api-UAS-GoTravelJatim--main/vendor/psr/log/src/LoggerTrait.php(61): OpenApi/Loggers/DefaultLogger->log('warning', 'Required @OA//In...', Array)
#4 C:/laragon/www/api-UAS-GoTravelJatim--main/vendor/zircote/swagger-php/src/Annotations/AbstractAnnotation.php(549): Psr/Log/AbstractLogger->warning('Required @OA//In...')
#5 C:/laragon/www/api-UAS-GoTravelJatim--main/vendor/zircote/swagger-php/src/Annotations/OpenApi.php(162): OpenApi/Annotations/AbstractAnnotation->validate(Object(OpenApi/Analysis), '3.0.0', Object(stdClass))
#6 C:/laragon/www/api-UAS-GoTravelJatim--main/vendor/zircote/swagger-php/src/Analysis.php(402): OpenApi/Annotations/OpenApi->validate(Object(OpenApi/Analysis), '3.0.0', Object(stdClass))
#7 C:/laragon/www/api-UAS-GoTravelJatim--main/vendor/zircote/swagger-php/src/Generator.php(408): OpenApi/Analysis->validate()
#8 C:/laragon/www/api-UAS-GoTravelJatim--main/vendor/darkaonline/l5-swagger/src/Generator.php(177): OpenApi/Generator->generate(Object(OpenApi/SourceFinder), Object(OpenApi/Analysis))
#9 C:/laragon/www/api-UAS-GoTravelJatim--main/vendor/darkaonline/l5-swagger/src/Generator.php(118): L5Swagger/Generator->scanFilesForDocumentation()
#10 C:/laragon/www/api-UAS-GoTravelJatim--main/vendor/darkaonline/l5-swagger/src/Console/GenerateDocsCommand.php(73): L5Swagger/Generator->generateDocs()
#11 C:/laragon/www/api-UAS-GoTravelJatim--main/vendor/darkaonline/l5-swagger/src/Console/GenerateDocsCommand.php(44): L5Swagger/Console/GenerateDocsCommand->generateDocumentation(Object(L5Swagger/GeneratorFactory), 'default')
#12 C:/laragon/www/api-UAS-GoTravelJatim--main/vendor/laravel/framework/src/Illuminate/Container/BoundMethod.php(36): L5Swagger/Console/GenerateDocsCommand->handle(Object(L5Swagger/GeneratorFactory))
#13 C:/laragon/www/api-UAS-GoTravelJatim--main/vendor/laravel/framework/src/Illuminate/Container/Util.php(43): Illuminate/Container/BoundMethod::Illuminate/Container/{closure}()
#14 C:/laragon/www/api-UAS-GoTravelJatim--main/vendor/laravel/framework/src/Illuminate/Container/BoundMethod.php(96): Illuminate/Container/Util::unwrapIfClosure(Object(Closure))
#15 C:/laragon/www/api-UAS-GoTravelJatim--main/vendor/laravel/framework/src/Illuminate/Container/BoundMethod.php(35): Illuminate/Container/BoundMethod::callBoundMethod(Object(Illuminate/Foundation/Application), Array, Object(Closure))
#16 C:/laragon/www/api-UAS-GoTravelJatim--main/vendor/laravel/framework/src/Illuminate/Container/Container.php(799): Illuminate/Container/BoundMethod::call(Object(Illuminate/Foundation/Application), Array, Array, NULL)
#17 C:/laragon/www/api-UAS-GoTravelJatim--main/vendor/laravel/framework/src/Illuminate/Console/Command.php(280): Illuminate/Container/Container->call(Array)
#18 C:/laragon/www/api-UAS-GoTravelJatim--main/vendor/symfony/console/Command/Command.php(341): Illuminate/Console/Command->execute(Object(Symfony/Component/Console/Input/ArgvInput), Object(Illuminate/Console/OutputStyle))
#19 C:/laragon/www/api-UAS-GoTravelJatim--main/vendor/laravel/framework/src/Illuminate/Console/Command.php(249): Symfony/Component/Console/Command/Command->run(Object(Symfony/Component/Console/Input/ArgvInput), Object(Illuminate/Console/OutputStyle))
#20 C:/laragon/www/api-UAS-GoTravelJatim--main/vendor/symfony/console/Application.php(1117): Illuminate/Console/Command->run(Object(Symfony/Component/Console/Input/ArgvInput), Object(Symfony/Component/Console/Output/ConsoleOutput))
#21 C:/laragon/www/api-UAS-GoTravelJatim--main/vendor/symfony/console/Application.php(356): Symfony/Component/Console/Application->doRunCommand(Object(L5Swagger/Console/GenerateDocsCommand), Object(Symfony/Component/Console/Input/ArgvInput), Object(Symfony/Component/Console/Output/ConsoleOutput))
#22 C:/laragon/www/api-UAS-GoTravelJatim--main/vendor/symfony/console/Application.php(195): Symfony/Component/Console/Application->doRun(Object(Symfony/Component/Console/Input/ArgvInput), Object(Symfony/Component/Console/Output/ConsoleOutput))
#23 C:/laragon/www/api-UAS-GoTravelJatim--main/vendor/laravel/framework/src/Illuminate/Foundation/Console/Kernel.php(198): Symfony/Component/Console/Application->run(Object(Symfony/Component/Console/Input/ArgvInput), Object(Symfony/Component/Console/Output/ConsoleOutput))
#24 C:/laragon/www/api-UAS-GoTravelJatim--main/vendor/laravel/framework/src/Illuminate/Foundation/Application.php(1235): Illuminate/Foundation/Console/Kernel->handle(Object(Symfony/Component/Console/Input/ArgvInput), Object(Symfony/Component/Console/Output/ConsoleOutput))
#25 C:/laragon/www/api-UAS-GoTravelJatim--main/artisan(16): Illuminate/Foundation/Application->handleCommand(Object(Symfony/Component/Console/Input/ArgvInput))
#26 {main}
"} 
[2026-06-07 16:41:46] local.ERROR: ErrorException: Required @OA\Info() not found in C:\laragon\www\api-UAS-GoTravelJatim--main\vendor\zircote\swagger-php\src\Loggers\DefaultLogger.php:23
Stack trace:
#0 C:\laragon\www\api-UAS-GoTravelJatim--main\vendor\laravel\framework\src\Illuminate\Foundation\Bootstrap\HandleExceptions.php(258): Illuminate\Foundation\Bootstrap\HandleExceptions->handleError(512, 'Required @OA\\In...', 'C:\\laragon\\www\\...', 23)
#1 [internal function]: Illuminate\Foundation\Bootstrap\HandleExceptions->Illuminate\Foundation\Bootstrap\{closure}(512, 'Required @OA\\In...', 'C:\\laragon\\www\\...', 23)
#2 C:\laragon\www\api-UAS-GoTravelJatim--main\vendor\zircote\swagger-php\src\Loggers\DefaultLogger.php(23): trigger_error('Required @OA\\In...', 512)
#3 C:\laragon\www\api-UAS-GoTravelJatim--main\vendor\psr\log\src\LoggerTrait.php(61): OpenApi\Loggers\DefaultLogger->log('warning', 'Required @OA\\In...', Array)
#4 C:\laragon\www\api-UAS-GoTravelJatim--main\vendor\zircote\swagger-php\src\Annotations\AbstractAnnotation.php(549): Psr\Log\AbstractLogger->warning('Required @OA\\In...')
#5 C:\laragon\www\api-UAS-GoTravelJatim--main\vendor\zircote\swagger-php\src\Annotations\OpenApi.php(162): OpenApi\Annotations\AbstractAnnotation->validate(Object(OpenApi\Analysis), '3.0.0', Object(stdClass))
#6 C:\laragon\www\api-UAS-GoTravelJatim--main\vendor\zircote\swagger-php\src\Analysis.php(402): OpenApi\Annotations\OpenApi->validate(Object(OpenApi\Analysis), '3.0.0', Object(stdClass))
#7 C:\laragon\www\api-UAS-GoTravelJatim--main\vendor\zircote\swagger-php\src\Generator.php(408): OpenApi\Analysis->validate()
#8 C:\laragon\www\api-UAS-GoTravelJatim--main\vendor\darkaonline\l5-swagger\src\Generator.php(177): OpenApi\Generator->generate(Object(OpenApi\SourceFinder), Object(OpenApi\Analysis))
#9 C:\laragon\www\api-UAS-GoTravelJatim--main\vendor\darkaonline\l5-swagger\src\Generator.php(118): L5Swagger\Generator->scanFilesForDocumentation()
#10 C:\laragon\www\api-UAS-GoTravelJatim--main\vendor\darkaonline\l5-swagger\src\Http\Controllers\SwaggerController.php(53): L5Swagger\Generator->generateDocs()
#11 C:\laragon\www\api-UAS-GoTravelJatim--main\vendor\laravel\framework\src\Illuminate\Routing\Controller.php(54): L5Swagger\Http\Controllers\SwaggerController->docs(Object(Illuminate\Http\Request))
#12 C:\laragon\www\api-UAS-GoTravelJatim--main\vendor\laravel\framework\src\Illuminate\Routing\ControllerDispatcher.php(43): Illuminate\Routing\Controller->callAction('docs', Array)
#13 C:\laragon\www\api-UAS-GoTravelJatim--main\vendor\laravel\framework\src\Illuminate\Routing\Route.php(269): Illuminate\Routing\ControllerDispatcher->dispatch(Object(Illuminate\Routing\Route), Object(L5Swagger\Http\Controllers\SwaggerController), 'docs')
#14 C:\laragon\www\api-UAS-GoTravelJatim--main\vendor\laravel\framework\src\Illuminate\Routing\Route.php(215): Illuminate\Routing\Route->runController()
#15 C:\laragon\www\api-UAS-GoTravelJatim--main\vendor\laravel\framework\src\Illuminate\Routing\Router.php(822): Illuminate\Routing\Route->run()
#16 C:\laragon\www\api-UAS-GoTravelJatim--main\vendor\laravel\framework\src\Illuminate\Pipeline\Pipeline.php(180): Illuminate\Routing\Router->Illuminate\Routing\{closure}(Object(Illuminate\Http\Request))
#17 C:\laragon\www\api-UAS-GoTravelJatim--main\vendor\darkaonline\l5-swagger\src\Http\Middleware\Config.php(36): Illuminate\Pipeline\Pipeline->Illuminate\Pipeline\{closure}(Object(Illuminate\Http\Request))
#18 C:\laragon\www\api-UAS-GoTravelJatim--main\vendor\laravel\framework\src\Illuminate\Pipeline\Pipeline.php(219): L5Swagger\Http\Middleware\Config->handle(Object(Illuminate\Http\Request), Object(Closure))
#19 C:\laragon\www\api-UAS-GoTravelJatim--main\vendor\laravel\framework\src\Illuminate\Pipeline\Pipeline.php(137): Illuminate\Pipeline\Pipeline->Illuminate\Pipeline\{closure}(Object(Illuminate\Http\Request))
#20 C:\laragon\www\api-UAS-GoTravelJatim--main\vendor\laravel\framework\src\Illuminate\Routing\Router.php(821): Illuminate\Pipeline\Pipeline->then(Object(Closure))
#21 C:\laragon\www\api-UAS-GoTravelJatim--main\vendor\laravel\framework\src\Illuminate\Routing\Router.php(800): Illuminate\Routing\Router->runRouteWithinStack(Object(Illuminate\Routing\Route), Object(Illuminate\Http\Request))
#22 C:\laragon\www\api-UAS-GoTravelJatim--main\vendor\laravel\framework\src\Illuminate\Routing\Router.php(764): Illuminate\Routing\Router->runRoute(Object(Illuminate\Http\Request), Object(Illuminate\Routing\Route))
#23 C:\laragon\www\api-UAS-GoTravelJatim--main\vendor\laravel\framework\src\Illuminate\Routing\Router.php(753): Illuminate\Routing\Router->dispatchToRoute(Object(Illuminate\Http\Request))
#24 C:\laragon\www\api-UAS-GoTravelJatim--main\vendor\laravel\framework\src\Illuminate\Foundation\Http\Kernel.php(200): Illuminate\Routing\Router->dispatch(Object(Illuminate\Http\Request))
#25 C:\laragon\www\api-UAS-GoTravelJatim--main\vendor\laravel\framework\src\Illuminate\Pipeline\Pipeline.php(180): Illuminate\Foundation\Http\Kernel->Illuminate\Foundation\Http\{closure}(Object(Illuminate\Http\Request))
#26 C:\laragon\www\api-UAS-GoTravelJatim--main\vendor\laravel\framework\src\Illuminate\Foundation\Http\Middleware\TransformsRequest.php(21): Illuminate\Pipeline\Pipeline->Illuminate\Pipeline\{closure}(Object(Illuminate\Http\Request))
#27 C:\laragon\www\api-UAS-GoTravelJatim--main\vendor\laravel\framework\src\Illuminate\Foundation\Http\Middleware\ConvertEmptyStringsToNull.php(31): Illuminate\Foundation\Http\Middleware\TransformsRequest->handle(Object(Illuminate\Http\Request), Object(Closure))
#28 C:\laragon\www\api-UAS-GoTravelJatim--main\vendor\laravel\framework\src\Illuminate\Pipeline\Pipeline.php(219): Illuminate\Foundation\Http\Middleware\ConvertEmptyStringsToNull->handle(Object(Illuminate\Http\Request), Object(Closure))
#29 C:\laragon\www\api-UAS-GoTravelJatim--main\vendor\laravel\framework\src\Illuminate\Foundation\Http\Middleware\TransformsRequest.php(21): Illuminate\Pipeline\Pipeline->Illuminate\Pipeline\{closure}(Object(Illuminate\Http\Request))
#30 C:\laragon\www\api-UAS-GoTravelJatim--main\vendor\laravel\framework\src\Illuminate\Foundation\Http\Middleware\TrimStrings.php(51): Illuminate\Foundation\Http\Middleware\TransformsRequest->handle(Object(Illuminate\Http\Request), Object(Closure))
#31 C:\laragon\www\api-UAS-GoTravelJatim--main\vendor\laravel\framework\src\Illuminate\Pipeline\Pipeline.php(219): Illuminate\Foundation\Http\Middleware\TrimStrings->handle(Object(Illuminate\Http\Request), Object(Closure))
#32 C:\laragon\www\api-UAS-GoTravelJatim--main\vendor\laravel\framework\src\Illuminate\Http\Middleware\ValidatePostSize.php(27): Illuminate\Pipeline\Pipeline->Illuminate\Pipeline\{closure}(Object(Illuminate\Http\Request))
#33 C:\laragon\www\api-UAS-GoTravelJatim--main\vendor\laravel\framework\src\Illuminate\Pipeline\Pipeline.php(219): Illuminate\Http\Middleware\ValidatePostSize->handle(Object(Illuminate\Http\Request), Object(Closure))
#34 C:\laragon\www\api-UAS-GoTravelJatim--main\vendor\laravel\framework\src\Illuminate\Foundation\Http\Middleware\PreventRequestsDuringMaintenance.php(109): Illuminate\Pipeline\Pipeline->Illuminate\Pipeline\{closure}(Object(Illuminate\Http\Request))
#35 C:\laragon\www\api-UAS-GoTravelJatim--main\vendor\laravel\framework\src\Illuminate\Pipeline\Pipeline.php(219): Illuminate\Foundation\Http\Middleware\PreventRequestsDuringMaintenance->handle(Object(Illuminate\Http\Request), Object(Closure))
#36 C:\laragon\www\api-UAS-GoTravelJatim--main\vendor\laravel\framework\src\Illuminate\Http\Middleware\HandleCors.php(61): Illuminate\Pipeline\Pipeline->Illuminate\Pipeline\{closure}(Object(Illuminate\Http\Request))
#37 C:\laragon\www\api-UAS-GoTravelJatim--main\vendor\laravel\framework\src\Illuminate\Pipeline\Pipeline.php(219): Illuminate\Http\Middleware\HandleCors->handle(Object(Illuminate\Http\Request), Object(Closure))
#38 C:\laragon\www\api-UAS-GoTravelJatim--main\vendor\laravel\framework\src\Illuminate\Http\Middleware\TrustProxies.php(58): Illuminate\Pipeline\Pipeline->Illuminate\Pipeline\{closure}(Object(Illuminate\Http\Request))
#39 C:\laragon\www\api-UAS-GoTravelJatim--main\vendor\laravel\framework\src\Illuminate\Pipeline\Pipeline.php(219): Illuminate\Http\Middleware\TrustProxies->handle(Object(Illuminate\Http\Request), Object(Closure))
#40 C:\laragon\www\api-UAS-GoTravelJatim--main\vendor\laravel\framework\src\Illuminate\Foundation\Http\Middleware\InvokeDeferredCallbacks.php(22): Illuminate\Pipeline\Pipeline->Illuminate\Pipeline\{closure}(Object(Illuminate\Http\Request))
#41 C:\laragon\www\api-UAS-GoTravelJatim--main\vendor\laravel\framework\src\Illuminate\Pipeline\Pipeline.php(219): Illuminate\Foundation\Http\Middleware\InvokeDeferredCallbacks->handle(Object(Illuminate\Http\Request), Object(Closure))
#42 C:\laragon\www\api-UAS-GoTravelJatim--main\vendor\laravel\framework\src\Illuminate\Http\Middleware\ValidatePathEncoding.php(28): Illuminate\Pipeline\Pipeline->Illuminate\Pipeline\{closure}(Object(Illuminate\Http\Request))
#43 C:\laragon\www\api-UAS-GoTravelJatim--main\vendor\laravel\framework\src\Illuminate\Pipeline\Pipeline.php(219): Illuminate\Http\Middleware\ValidatePathEncoding->handle(Object(Illuminate\Http\Request), Object(Closure))
#44 C:\laragon\www\api-UAS-GoTravelJatim--main\vendor\laravel\framework\src\Illuminate\Pipeline\Pipeline.php(137): Illuminate\Pipeline\Pipeline->Illuminate\Pipeline\{closure}(Object(Illuminate\Http\Request))
#45 C:\laragon\www\api-UAS-GoTravelJatim--main\vendor\laravel\framework\src\Illuminate\Foundation\Http\Kernel.php(175): Illuminate\Pipeline\Pipeline->then(Object(Closure))
#46 C:\laragon\www\api-UAS-GoTravelJatim--main\vendor\laravel\framework\src\Illuminate\Foundation\Http\Kernel.php(144): Illuminate\Foundation\Http\Kernel->sendRequestThroughRouter(Object(Illuminate\Http\Request))
#47 C:\laragon\www\api-UAS-GoTravelJatim--main\vendor\laravel\framework\src\Illuminate\Foundation\Application.php(1220): Illuminate\Foundation\Http\Kernel->handle(Object(Illuminate\Http\Request))
#48 C:\laragon\www\api-UAS-GoTravelJatim--main\public\index.php(20): Illuminate\Foundation\Application->handleRequest(Object(Illuminate\Http\Request))
#49 C:\laragon\www\api-UAS-GoTravelJatim--main\vendor\laravel\framework\src\Illuminate\Foundation\resources\server.php(23): require_once('C:\\laragon\\www\\...')
#50 {main}  
[2026-06-07 16:42:13] local.ERROR: Required @OA\Info() not found {"exception":"[object] (ErrorException(code: 0): Required @OA\\Info() not found at C:/laragon/www/api-UAS-GoTravelJatim--main/vendor/zircote/swagger-php/src/Loggers/DefaultLogger.php:23)
[stacktrace]
#0 C:/laragon/www/api-UAS-GoTravelJatim--main/vendor/laravel/framework/src/Illuminate/Foundation/Bootstrap/HandleExceptions.php(258): Illuminate/Foundation/Bootstrap/HandleExceptions->handleError(512, 'Required @OA//In...', 'C://laragon//www//...', 23)
#1 [internal function]: Illuminate/Foundation/Bootstrap/HandleExceptions->Illuminate/Foundation/Bootstrap/{closure}(512, 'Required @OA//In...', 'C://laragon//www//...', 23)
#2 C:/laragon/www/api-UAS-GoTravelJatim--main/vendor/zircote/swagger-php/src/Loggers/DefaultLogger.php(23): trigger_error('Required @OA//In...', 512)
#3 C:/laragon/www/api-UAS-GoTravelJatim--main/vendor/psr/log/src/LoggerTrait.php(61): OpenApi/Loggers/DefaultLogger->log('warning', 'Required @OA//In...', Array)
#4 C:/laragon/www/api-UAS-GoTravelJatim--main/vendor/zircote/swagger-php/src/Annotations/AbstractAnnotation.php(549): Psr/Log/AbstractLogger->warning('Required @OA//In...')
#5 C:/laragon/www/api-UAS-GoTravelJatim--main/vendor/zircote/swagger-php/src/Annotations/OpenApi.php(162): OpenApi/Annotations/AbstractAnnotation->validate(Object(OpenApi/Analysis), '3.0.0', Object(stdClass))
#6 C:/laragon/www/api-UAS-GoTravelJatim--main/vendor/zircote/swagger-php/src/Analysis.php(402): OpenApi/Annotations/OpenApi->validate(Object(OpenApi/Analysis), '3.0.0', Object(stdClass))
#7 C:/laragon/www/api-UAS-GoTravelJatim--main/vendor/zircote/swagger-php/src/Generator.php(408): OpenApi/Analysis->validate()
#8 C:/laragon/www/api-UAS-GoTravelJatim--main/vendor/darkaonline/l5-swagger/src/Generator.php(177): OpenApi/Generator->generate(Object(OpenApi/SourceFinder), Object(OpenApi/Analysis))
#9 C:/laragon/www/api-UAS-GoTravelJatim--main/vendor/darkaonline/l5-swagger/src/Generator.php(118): L5Swagger/Generator->scanFilesForDocumentation()
#10 C:/laragon/www/api-UAS-GoTravelJatim--main/vendor/darkaonline/l5-swagger/src/Console/GenerateDocsCommand.php(73): L5Swagger/Generator->generateDocs()
#11 C:/laragon/www/api-UAS-GoTravelJatim--main/vendor/darkaonline/l5-swagger/src/Console/GenerateDocsCommand.php(56): L5Swagger/Console/GenerateDocsCommand->generateDocumentation(Object(L5Swagger/GeneratorFactory), 'default')
#12 C:/laragon/www/api-UAS-GoTravelJatim--main/vendor/laravel/framework/src/Illuminate/Container/BoundMethod.php(36): L5Swagger/Console/GenerateDocsCommand->handle(Object(L5Swagger/GeneratorFactory))
#13 C:/laragon/www/api-UAS-GoTravelJatim--main/vendor/laravel/framework/src/Illuminate/Container/Util.php(43): Illuminate/Container/BoundMethod::Illuminate/Container/{closure}()
#14 C:/laragon/www/api-UAS-GoTravelJatim--main/vendor/laravel/framework/src/Illuminate/Container/BoundMethod.php(96): Illuminate/Container/Util::unwrapIfClosure(Object(Closure))
#15 C:/laragon/www/api-UAS-GoTravelJatim--main/vendor/laravel/framework/src/Illuminate/Container/BoundMethod.php(35): Illuminate/Container/BoundMethod::callBoundMethod(Object(Illuminate/Foundation/Application), Array, Object(Closure))
#16 C:/laragon/www/api-UAS-GoTravelJatim--main/vendor/laravel/framework/src/Illuminate/Container/Container.php(799): Illuminate/Container/BoundMethod::call(Object(Illuminate/Foundation/Application), Array, Array, NULL)
#17 C:/laragon/www/api-UAS-GoTravelJatim--main/vendor/laravel/framework/src/Illuminate/Console/Command.php(280): Illuminate/Container/Container->call(Array)
#18 C:/laragon/www/api-UAS-GoTravelJatim--main/vendor/symfony/console/Command/Command.php(341): Illuminate/Console/Command->execute(Object(Symfony/Component/Console/Input/ArgvInput), Object(Illuminate/Console/OutputStyle))
#19 C:/laragon/www/api-UAS-GoTravelJatim--main/vendor/laravel/framework/src/Illuminate/Console/Command.php(249): Symfony/Component/Console/Command/Command->run(Object(Symfony/Component/Console/Input/ArgvInput), Object(Illuminate/Console/OutputStyle))
#20 C:/laragon/www/api-UAS-GoTravelJatim--main/vendor/symfony/console/Application.php(1117): Illuminate/Console/Command->run(Object(Symfony/Component/Console/Input/ArgvInput), Object(Symfony/Component/Console/Output/ConsoleOutput))
#21 C:/laragon/www/api-UAS-GoTravelJatim--main/vendor/symfony/console/Application.php(356): Symfony/Component/Console/Application->doRunCommand(Object(L5Swagger/Console/GenerateDocsCommand), Object(Symfony/Component/Console/Input/ArgvInput), Object(Symfony/Component/Console/Output/ConsoleOutput))
#22 C:/laragon/www/api-UAS-GoTravelJatim--main/vendor/symfony/console/Application.php(195): Symfony/Component/Console/Application->doRun(Object(Symfony/Component/Console/Input/ArgvInput), Object(Symfony/Component/Console/Output/ConsoleOutput))
#23 C:/laragon/www/api-UAS-GoTravelJatim--main/vendor/laravel/framework/src/Illuminate/Foundation/Console/Kernel.php(198): Symfony/Component/Console/Application->run(Object(Symfony/Component/Console/Input/ArgvInput), Object(Symfony/Component/Console/Output/ConsoleOutput))
#24 C:/laragon/www/api-UAS-GoTravelJatim--main/vendor/laravel/framework/src/Illuminate/Foundation/Application.php(1235): Illuminate/Foundation/Console/Kernel->handle(Object(Symfony/Component/Console/Input/ArgvInput), Object(Symfony/Component/Console/Output/ConsoleOutput))
#25 C:/laragon/www/api-UAS-GoTravelJatim--main/artisan(16): Illuminate/Foundation/Application->handleCommand(Object(Symfony/Component/Console/Input/ArgvInput))
#26 {main}
"} 
[2026-06-07 16:44:30] local.ERROR: ErrorException: Required @OA\Info() not found in C:\laragon\www\api-UAS-GoTravelJatim--main\vendor\zircote\swagger-php\src\Loggers\DefaultLogger.php:23
Stack trace:
#0 C:\laragon\www\api-UAS-GoTravelJatim--main\vendor\laravel\framework\src\Illuminate\Foundation\Bootstrap\HandleExceptions.php(258): Illuminate\Foundation\Bootstrap\HandleExceptions->handleError(512, 'Required @OA\\In...', 'C:\\laragon\\www\\...', 23)
#1 [internal function]: Illuminate\Foundation\Bootstrap\HandleExceptions->Illuminate\Foundation\Bootstrap\{closure}(512, 'Required @OA\\In...', 'C:\\laragon\\www\\...', 23)
#2 C:\laragon\www\api-UAS-GoTravelJatim--main\vendor\zircote\swagger-php\src\Loggers\DefaultLogger.php(23): trigger_error('Required @OA\\In...', 512)
#3 C:\laragon\www\api-UAS-GoTravelJatim--main\vendor\psr\log\src\LoggerTrait.php(61): OpenApi\Loggers\DefaultLogger->log('warning', 'Required @OA\\In...', Array)
#4 C:\laragon\www\api-UAS-GoTravelJatim--main\vendor\zircote\swagger-php\src\Annotations\AbstractAnnotation.php(549): Psr\Log\AbstractLogger->warning('Required @OA\\In...')
#5 C:\laragon\www\api-UAS-GoTravelJatim--main\vendor\zircote\swagger-php\src\Annotations\OpenApi.php(162): OpenApi\Annotations\AbstractAnnotation->validate(Object(OpenApi\Analysis), '3.0.0', Object(stdClass))
#6 C:\laragon\www\api-UAS-GoTravelJatim--main\vendor\zircote\swagger-php\src\Analysis.php(402): OpenApi\Annotations\OpenApi->validate(Object(OpenApi\Analysis), '3.0.0', Object(stdClass))
#7 C:\laragon\www\api-UAS-GoTravelJatim--main\vendor\zircote\swagger-php\src\Generator.php(408): OpenApi\Analysis->validate()
#8 C:\laragon\www\api-UAS-GoTravelJatim--main\vendor\darkaonline\l5-swagger\src\Generator.php(177): OpenApi\Generator->generate(Object(OpenApi\SourceFinder), Object(OpenApi\Analysis))
#9 C:\laragon\www\api-UAS-GoTravelJatim--main\vendor\darkaonline\l5-swagger\src\Generator.php(118): L5Swagger\Generator->scanFilesForDocumentation()
#10 C:\laragon\www\api-UAS-GoTravelJatim--main\vendor\darkaonline\l5-swagger\src\Http\Controllers\SwaggerController.php(53): L5Swagger\Generator->generateDocs()
#11 C:\laragon\www\api-UAS-GoTravelJatim--main\vendor\laravel\framework\src\Illuminate\Routing\Controller.php(54): L5Swagger\Http\Controllers\SwaggerController->docs(Object(Illuminate\Http\Request))
#12 C:\laragon\www\api-UAS-GoTravelJatim--main\vendor\laravel\framework\src\Illuminate\Routing\ControllerDispatcher.php(43): Illuminate\Routing\Controller->callAction('docs', Array)
#13 C:\laragon\www\api-UAS-GoTravelJatim--main\vendor\laravel\framework\src\Illuminate\Routing\Route.php(269): Illuminate\Routing\ControllerDispatcher->dispatch(Object(Illuminate\Routing\Route), Object(L5Swagger\Http\Controllers\SwaggerController), 'docs')
#14 C:\laragon\www\api-UAS-GoTravelJatim--main\vendor\laravel\framework\src\Illuminate\Routing\Route.php(215): Illuminate\Routing\Route->runController()
#15 C:\laragon\www\api-UAS-GoTravelJatim--main\vendor\laravel\framework\src\Illuminate\Routing\Router.php(822): Illuminate\Routing\Route->run()
#16 C:\laragon\www\api-UAS-GoTravelJatim--main\vendor\laravel\framework\src\Illuminate\Pipeline\Pipeline.php(180): Illuminate\Routing\Router->Illuminate\Routing\{closure}(Object(Illuminate\Http\Request))
#17 C:\laragon\www\api-UAS-GoTravelJatim--main\vendor\darkaonline\l5-swagger\src\Http\Middleware\Config.php(36): Illuminate\Pipeline\Pipeline->Illuminate\Pipeline\{closure}(Object(Illuminate\Http\Request))
#18 C:\laragon\www\api-UAS-GoTravelJatim--main\vendor\laravel\framework\src\Illuminate\Pipeline\Pipeline.php(219): L5Swagger\Http\Middleware\Config->handle(Object(Illuminate\Http\Request), Object(Closure))
#19 C:\laragon\www\api-UAS-GoTravelJatim--main\vendor\laravel\framework\src\Illuminate\Pipeline\Pipeline.php(137): Illuminate\Pipeline\Pipeline->Illuminate\Pipeline\{closure}(Object(Illuminate\Http\Request))
#20 C:\laragon\www\api-UAS-GoTravelJatim--main\vendor\laravel\framework\src\Illuminate\Routing\Router.php(821): Illuminate\Pipeline\Pipeline->then(Object(Closure))
#21 C:\laragon\www\api-UAS-GoTravelJatim--main\vendor\laravel\framework\src\Illuminate\Routing\Router.php(800): Illuminate\Routing\Router->runRouteWithinStack(Object(Illuminate\Routing\Route), Object(Illuminate\Http\Request))
#22 C:\laragon\www\api-UAS-GoTravelJatim--main\vendor\laravel\framework\src\Illuminate\Routing\Router.php(764): Illuminate\Routing\Router->runRoute(Object(Illuminate\Http\Request), Object(Illuminate\Routing\Route))
#23 C:\laragon\www\api-UAS-GoTravelJatim--main\vendor\laravel\framework\src\Illuminate\Routing\Router.php(753): Illuminate\Routing\Router->dispatchToRoute(Object(Illuminate\Http\Request))
#24 C:\laragon\www\api-UAS-GoTravelJatim--main\vendor\laravel\framework\src\Illuminate\Foundation\Http\Kernel.php(200): Illuminate\Routing\Router->dispatch(Object(Illuminate\Http\Request))
#25 C:\laragon\www\api-UAS-GoTravelJatim--main\vendor\laravel\framework\src\Illuminate\Pipeline\Pipeline.php(180): Illuminate\Foundation\Http\Kernel->Illuminate\Foundation\Http\{closure}(Object(Illuminate\Http\Request))
#26 C:\laragon\www\api-UAS-GoTravelJatim--main\vendor\laravel\framework\src\Illuminate\Foundation\Http\Middleware\TransformsRequest.php(21): Illuminate\Pipeline\Pipeline->Illuminate\Pipeline\{closure}(Object(Illuminate\Http\Request))
#27 C:\laragon\www\api-UAS-GoTravelJatim--main\vendor\laravel\framework\src\Illuminate\Foundation\Http\Middleware\ConvertEmptyStringsToNull.php(31): Illuminate\Foundation\Http\Middleware\TransformsRequest->handle(Object(Illuminate\Http\Request), Object(Closure))
#28 C:\laragon\www\api-UAS-GoTravelJatim--main\vendor\laravel\framework\src\Illuminate\Pipeline\Pipeline.php(219): Illuminate\Foundation\Http\Middleware\ConvertEmptyStringsToNull->handle(Object(Illuminate\Http\Request), Object(Closure))
#29 C:\laragon\www\api-UAS-GoTravelJatim--main\vendor\laravel\framework\src\Illuminate\Foundation\Http\Middleware\TransformsRequest.php(21): Illuminate\Pipeline\Pipeline->Illuminate\Pipeline\{closure}(Object(Illuminate\Http\Request))
#30 C:\laragon\www\api-UAS-GoTravelJatim--main\vendor\laravel\framework\src\Illuminate\Foundation\Http\Middleware\TrimStrings.php(51): Illuminate\Foundation\Http\Middleware\TransformsRequest->handle(Object(Illuminate\Http\Request), Object(Closure))
#31 C:\laragon\www\api-UAS-GoTravelJatim--main\vendor\laravel\framework\src\Illuminate\Pipeline\Pipeline.php(219): Illuminate\Foundation\Http\Middleware\TrimStrings->handle(Object(Illuminate\Http\Request), Object(Closure))
#32 C:\laragon\www\api-UAS-GoTravelJatim--main\vendor\laravel\framework\src\Illuminate\Http\Middleware\ValidatePostSize.php(27): Illuminate\Pipeline\Pipeline->Illuminate\Pipeline\{closure}(Object(Illuminate\Http\Request))
#33 C:\laragon\www\api-UAS-GoTravelJatim--main\vendor\laravel\framework\src\Illuminate\Pipeline\Pipeline.php(219): Illuminate\Http\Middleware\ValidatePostSize->handle(Object(Illuminate\Http\Request), Object(Closure))
#34 C:\laragon\www\api-UAS-GoTravelJatim--main\vendor\laravel\framework\src\Illuminate\Foundation\Http\Middleware\PreventRequestsDuringMaintenance.php(109): Illuminate\Pipeline\Pipeline->Illuminate\Pipeline\{closure}(Object(Illuminate\Http\Request))
#35 C:\laragon\www\api-UAS-GoTravelJatim--main\vendor\laravel\framework\src\Illuminate\Pipeline\Pipeline.php(219): Illuminate\Foundation\Http\Middleware\PreventRequestsDuringMaintenance->handle(Object(Illuminate\Http\Request), Object(Closure))
#36 C:\laragon\www\api-UAS-GoTravelJatim--main\vendor\laravel\framework\src\Illuminate\Http\Middleware\HandleCors.php(61): Illuminate\Pipeline\Pipeline->Illuminate\Pipeline\{closure}(Object(Illuminate\Http\Request))
#37 C:\laragon\www\api-UAS-GoTravelJatim--main\vendor\laravel\framework\src\Illuminate\Pipeline\Pipeline.php(219): Illuminate\Http\Middleware\HandleCors->handle(Object(Illuminate\Http\Request), Object(Closure))
#38 C:\laragon\www\api-UAS-GoTravelJatim--main\vendor\laravel\framework\src\Illuminate\Http\Middleware\TrustProxies.php(58): Illuminate\Pipeline\Pipeline->Illuminate\Pipeline\{closure}(Object(Illuminate\Http\Request))
#39 C:\laragon\www\api-UAS-GoTravelJatim--main\vendor\laravel\framework\src\Illuminate\Pipeline\Pipeline.php(219): Illuminate\Http\Middleware\TrustProxies->handle(Object(Illuminate\Http\Request), Object(Closure))
#40 C:\laragon\www\api-UAS-GoTravelJatim--main\vendor\laravel\framework\src\Illuminate\Foundation\Http\Middleware\InvokeDeferredCallbacks.php(22): Illuminate\Pipeline\Pipeline->Illuminate\Pipeline\{closure}(Object(Illuminate\Http\Request))
#41 C:\laragon\www\api-UAS-GoTravelJatim--main\vendor\laravel\framework\src\Illuminate\Pipeline\Pipeline.php(219): Illuminate\Foundation\Http\Middleware\InvokeDeferredCallbacks->handle(Object(Illuminate\Http\Request), Object(Closure))
#42 C:\laragon\www\api-UAS-GoTravelJatim--main\vendor\laravel\framework\src\Illuminate\Http\Middleware\ValidatePathEncoding.php(28): Illuminate\Pipeline\Pipeline->Illuminate\Pipeline\{closure}(Object(Illuminate\Http\Request))
#43 C:\laragon\www\api-UAS-GoTravelJatim--main\vendor\laravel\framework\src\Illuminate\Pipeline\Pipeline.php(219): Illuminate\Http\Middleware\ValidatePathEncoding->handle(Object(Illuminate\Http\Request), Object(Closure))
#44 C:\laragon\www\api-UAS-GoTravelJatim--main\vendor\laravel\framework\src\Illuminate\Pipeline\Pipeline.php(137): Illuminate\Pipeline\Pipeline->Illuminate\Pipeline\{closure}(Object(Illuminate\Http\Request))
#45 C:\laragon\www\api-UAS-GoTravelJatim--main\vendor\laravel\framework\src\Illuminate\Foundation\Http\Kernel.php(175): Illuminate\Pipeline\Pipeline->then(Object(Closure))
#46 C:\laragon\www\api-UAS-GoTravelJatim--main\vendor\laravel\framework\src\Illuminate\Foundation\Http\Kernel.php(144): Illuminate\Foundation\Http\Kernel->sendRequestThroughRouter(Object(Illuminate\Http\Request))
#47 C:\laragon\www\api-UAS-GoTravelJatim--main\vendor\laravel\framework\src\Illuminate\Foundation\Application.php(1220): Illuminate\Foundation\Http\Kernel->handle(Object(Illuminate\Http\Request))
#48 C:\laragon\www\api-UAS-GoTravelJatim--main\public\index.php(20): Illuminate\Foundation\Application->handleRequest(Object(Illuminate\Http\Request))
#49 C:\laragon\www\api-UAS-GoTravelJatim--main\vendor\laravel\framework\src\Illuminate\Foundation\resources\server.php(23): require_once('C:\\laragon\\www\\...')
#50 {main}  
[2026-06-07 16:45:18] local.ERROR: ErrorException: Required @OA\Info() not found in C:\laragon\www\api-UAS-GoTravelJatim--main\vendor\zircote\swagger-php\src\Loggers\DefaultLogger.php:23
Stack trace:
#0 C:\laragon\www\api-UAS-GoTravelJatim--main\vendor\laravel\framework\src\Illuminate\Foundation\Bootstrap\HandleExceptions.php(258): Illuminate\Foundation\Bootstrap\HandleExceptions->handleError(512, 'Required @OA\\In...', 'C:\\laragon\\www\\...', 23)
#1 [internal function]: Illuminate\Foundation\Bootstrap\HandleExceptions->Illuminate\Foundation\Bootstrap\{closure}(512, 'Required @OA\\In...', 'C:\\laragon\\www\\...', 23)
#2 C:\laragon\www\api-UAS-GoTravelJatim--main\vendor\zircote\swagger-php\src\Loggers\DefaultLogger.php(23): trigger_error('Required @OA\\In...', 512)
#3 C:\laragon\www\api-UAS-GoTravelJatim--main\vendor\psr\log\src\LoggerTrait.php(61): OpenApi\Loggers\DefaultLogger->log('warning', 'Required @OA\\In...', Array)
#4 C:\laragon\www\api-UAS-GoTravelJatim--main\vendor\zircote\swagger-php\src\Annotations\AbstractAnnotation.php(549): Psr\Log\AbstractLogger->warning('Required @OA\\In...')
#5 C:\laragon\www\api-UAS-GoTravelJatim--main\vendor\zircote\swagger-php\src\Annotations\OpenApi.php(162): OpenApi\Annotations\AbstractAnnotation->validate(Object(OpenApi\Analysis), '3.0.0', Object(stdClass))
#6 C:\laragon\www\api-UAS-GoTravelJatim--main\vendor\zircote\swagger-php\src\Analysis.php(402): OpenApi\Annotations\OpenApi->validate(Object(OpenApi\Analysis), '3.0.0', Object(stdClass))
#7 C:\laragon\www\api-UAS-GoTravelJatim--main\vendor\zircote\swagger-php\src\Generator.php(408): OpenApi\Analysis->validate()
#8 C:\laragon\www\api-UAS-GoTravelJatim--main\vendor\darkaonline\l5-swagger\src\Generator.php(177): OpenApi\Generator->generate(Object(OpenApi\SourceFinder), Object(OpenApi\Analysis))
#9 C:\laragon\www\api-UAS-GoTravelJatim--main\vendor\darkaonline\l5-swagger\src\Generator.php(118): L5Swagger\Generator->scanFilesForDocumentation()
#10 C:\laragon\www\api-UAS-GoTravelJatim--main\vendor\darkaonline\l5-swagger\src\Http\Controllers\SwaggerController.php(53): L5Swagger\Generator->generateDocs()
#11 C:\laragon\www\api-UAS-GoTravelJatim--main\vendor\laravel\framework\src\Illuminate\Routing\Controller.php(54): L5Swagger\Http\Controllers\SwaggerController->docs(Object(Illuminate\Http\Request))
#12 C:\laragon\www\api-UAS-GoTravelJatim--main\vendor\laravel\framework\src\Illuminate\Routing\ControllerDispatcher.php(43): Illuminate\Routing\Controller->callAction('docs', Array)
#13 C:\laragon\www\api-UAS-GoTravelJatim--main\vendor\laravel\framework\src\Illuminate\Routing\Route.php(269): Illuminate\Routing\ControllerDispatcher->dispatch(Object(Illuminate\Routing\Route), Object(L5Swagger\Http\Controllers\SwaggerController), 'docs')
#14 C:\laragon\www\api-UAS-GoTravelJatim--main\vendor\laravel\framework\src\Illuminate\Routing\Route.php(215): Illuminate\Routing\Route->runController()
#15 C:\laragon\www\api-UAS-GoTravelJatim--main\vendor\laravel\framework\src\Illuminate\Routing\Router.php(822): Illuminate\Routing\Route->run()
#16 C:\laragon\www\api-UAS-GoTravelJatim--main\vendor\laravel\framework\src\Illuminate\Pipeline\Pipeline.php(180): Illuminate\Routing\Router->Illuminate\Routing\{closure}(Object(Illuminate\Http\Request))
#17 C:\laragon\www\api-UAS-GoTravelJatim--main\vendor\darkaonline\l5-swagger\src\Http\Middleware\Config.php(36): Illuminate\Pipeline\Pipeline->Illuminate\Pipeline\{closure}(Object(Illuminate\Http\Request))
#18 C:\laragon\www\api-UAS-GoTravelJatim--main\vendor\laravel\framework\src\Illuminate\Pipeline\Pipeline.php(219): L5Swagger\Http\Middleware\Config->handle(Object(Illuminate\Http\Request), Object(Closure))
#19 C:\laragon\www\api-UAS-GoTravelJatim--main\vendor\laravel\framework\src\Illuminate\Pipeline\Pipeline.php(137): Illuminate\Pipeline\Pipeline->Illuminate\Pipeline\{closure}(Object(Illuminate\Http\Request))
#20 C:\laragon\www\api-UAS-GoTravelJatim--main\vendor\laravel\framework\src\Illuminate\Routing\Router.php(821): Illuminate\Pipeline\Pipeline->then(Object(Closure))
#21 C:\laragon\www\api-UAS-GoTravelJatim--main\vendor\laravel\framework\src\Illuminate\Routing\Router.php(800): Illuminate\Routing\Router->runRouteWithinStack(Object(Illuminate\Routing\Route), Object(Illuminate\Http\Request))
#22 C:\laragon\www\api-UAS-GoTravelJatim--main\vendor\laravel\framework\src\Illuminate\Routing\Router.php(764): Illuminate\Routing\Router->runRoute(Object(Illuminate\Http\Request), Object(Illuminate\Routing\Route))
#23 C:\laragon\www\api-UAS-GoTravelJatim--main\vendor\laravel\framework\src\Illuminate\Routing\Router.php(753): Illuminate\Routing\Router->dispatchToRoute(Object(Illuminate\Http\Request))
#24 C:\laragon\www\api-UAS-GoTravelJatim--main\vendor\laravel\framework\src\Illuminate\Foundation\Http\Kernel.php(200): Illuminate\Routing\Router->dispatch(Object(Illuminate\Http\Request))
#25 C:\laragon\www\api-UAS-GoTravelJatim--main\vendor\laravel\framework\src\Illuminate\Pipeline\Pipeline.php(180): Illuminate\Foundation\Http\Kernel->Illuminate\Foundation\Http\{closure}(Object(Illuminate\Http\Request))
#26 C:\laragon\www\api-UAS-GoTravelJatim--main\vendor\laravel\framework\src\Illuminate\Foundation\Http\Middleware\TransformsRequest.php(21): Illuminate\Pipeline\Pipeline->Illuminate\Pipeline\{closure}(Object(Illuminate\Http\Request))
#27 C:\laragon\www\api-UAS-GoTravelJatim--main\vendor\laravel\framework\src\Illuminate\Foundation\Http\Middleware\ConvertEmptyStringsToNull.php(31): Illuminate\Foundation\Http\Middleware\TransformsRequest->handle(Object(Illuminate\Http\Request), Object(Closure))
#28 C:\laragon\www\api-UAS-GoTravelJatim--main\vendor\laravel\framework\src\Illuminate\Pipeline\Pipeline.php(219): Illuminate\Foundation\Http\Middleware\ConvertEmptyStringsToNull->handle(Object(Illuminate\Http\Request), Object(Closure))
#29 C:\laragon\www\api-UAS-GoTravelJatim--main\vendor\laravel\framework\src\Illuminate\Foundation\Http\Middleware\TransformsRequest.php(21): Illuminate\Pipeline\Pipeline->Illuminate\Pipeline\{closure}(Object(Illuminate\Http\Request))
#30 C:\laragon\www\api-UAS-GoTravelJatim--main\vendor\laravel\framework\src\Illuminate\Foundation\Http\Middleware\TrimStrings.php(51): Illuminate\Foundation\Http\Middleware\TransformsRequest->handle(Object(Illuminate\Http\Request), Object(Closure))
#31 C:\laragon\www\api-UAS-GoTravelJatim--main\vendor\laravel\framework\src\Illuminate\Pipeline\Pipeline.php(219): Illuminate\Foundation\Http\Middleware\TrimStrings->handle(Object(Illuminate\Http\Request), Object(Closure))
#32 C:\laragon\www\api-UAS-GoTravelJatim--main\vendor\laravel\framework\src\Illuminate\Http\Middleware\ValidatePostSize.php(27): Illuminate\Pipeline\Pipeline->Illuminate\Pipeline\{closure}(Object(Illuminate\Http\Request))
#33 C:\laragon\www\api-UAS-GoTravelJatim--main\vendor\laravel\framework\src\Illuminate\Pipeline\Pipeline.php(219): Illuminate\Http\Middleware\ValidatePostSize->handle(Object(Illuminate\Http\Request), Object(Closure))
#34 C:\laragon\www\api-UAS-GoTravelJatim--main\vendor\laravel\framework\src\Illuminate\Foundation\Http\Middleware\PreventRequestsDuringMaintenance.php(109): Illuminate\Pipeline\Pipeline->Illuminate\Pipeline\{closure}(Object(Illuminate\Http\Request))
#35 C:\laragon\www\api-UAS-GoTravelJatim--main\vendor\laravel\framework\src\Illuminate\Pipeline\Pipeline.php(219): Illuminate\Foundation\Http\Middleware\PreventRequestsDuringMaintenance->handle(Object(Illuminate\Http\Request), Object(Closure))
#36 C:\laragon\www\api-UAS-GoTravelJatim--main\vendor\laravel\framework\src\Illuminate\Http\Middleware\HandleCors.php(61): Illuminate\Pipeline\Pipeline->Illuminate\Pipeline\{closure}(Object(Illuminate\Http\Request))
#37 C:\laragon\www\api-UAS-GoTravelJatim--main\vendor\laravel\framework\src\Illuminate\Pipeline\Pipeline.php(219): Illuminate\Http\Middleware\HandleCors->handle(Object(Illuminate\Http\Request), Object(Closure))
#38 C:\laragon\www\api-UAS-GoTravelJatim--main\vendor\laravel\framework\src\Illuminate\Http\Middleware\TrustProxies.php(58): Illuminate\Pipeline\Pipeline->Illuminate\Pipeline\{closure}(Object(Illuminate\Http\Request))
#39 C:\laragon\www\api-UAS-GoTravelJatim--main\vendor\laravel\framework\src\Illuminate\Pipeline\Pipeline.php(219): Illuminate\Http\Middleware\TrustProxies->handle(Object(Illuminate\Http\Request), Object(Closure))
#40 C:\laragon\www\api-UAS-GoTravelJatim--main\vendor\laravel\framework\src\Illuminate\Foundation\Http\Middleware\InvokeDeferredCallbacks.php(22): Illuminate\Pipeline\Pipeline->Illuminate\Pipeline\{closure}(Object(Illuminate\Http\Request))
#41 C:\laragon\www\api-UAS-GoTravelJatim--main\vendor\laravel\framework\src\Illuminate\Pipeline\Pipeline.php(219): Illuminate\Foundation\Http\Middleware\InvokeDeferredCallbacks->handle(Object(Illuminate\Http\Request), Object(Closure))
#42 C:\laragon\www\api-UAS-GoTravelJatim--main\vendor\laravel\framework\src\Illuminate\Http\Middleware\ValidatePathEncoding.php(28): Illuminate\Pipeline\Pipeline->Illuminate\Pipeline\{closure}(Object(Illuminate\Http\Request))
#43 C:\laragon\www\api-UAS-GoTravelJatim--main\vendor\laravel\framework\src\Illuminate\Pipeline\Pipeline.php(219): Illuminate\Http\Middleware\ValidatePathEncoding->handle(Object(Illuminate\Http\Request), Object(Closure))
#44 C:\laragon\www\api-UAS-GoTravelJatim--main\vendor\laravel\framework\src\Illuminate\Pipeline\Pipeline.php(137): Illuminate\Pipeline\Pipeline->Illuminate\Pipeline\{closure}(Object(Illuminate\Http\Request))
#45 C:\laragon\www\api-UAS-GoTravelJatim--main\vendor\laravel\framework\src\Illuminate\Foundation\Http\Kernel.php(175): Illuminate\Pipeline\Pipeline->then(Object(Closure))
#46 C:\laragon\www\api-UAS-GoTravelJatim--main\vendor\laravel\framework\src\Illuminate\Foundation\Http\Kernel.php(144): Illuminate\Foundation\Http\Kernel->sendRequestThroughRouter(Object(Illuminate\Http\Request))
#47 C:\laragon\www\api-UAS-GoTravelJatim--main\vendor\laravel\framework\src\Illuminate\Foundation\Application.php(1220): Illuminate\Foundation\Http\Kernel->handle(Object(Illuminate\Http\Request))
#48 C:\laragon\www\api-UAS-GoTravelJatim--main\public\index.php(20): Illuminate\Foundation\Application->handleRequest(Object(Illuminate\Http\Request))
#49 C:\laragon\www\api-UAS-GoTravelJatim--main\vendor\laravel\framework\src\Illuminate\Foundation\resources\server.php(23): require_once('C:\\laragon\\www\\...')
#50 {main}  
[2026-06-07 16:47:46] local.ERROR: ErrorException: Required @OA\Info() not found in C:\laragon\www\api-UAS-GoTravelJatim--main\vendor\zircote\swagger-php\src\Loggers\DefaultLogger.php:23
Stack trace:
#0 C:\laragon\www\api-UAS-GoTravelJatim--main\vendor\laravel\framework\src\Illuminate\Foundation\Bootstrap\HandleExceptions.php(258): Illuminate\Foundation\Bootstrap\HandleExceptions->handleError(512, 'Required @OA\\In...', 'C:\\laragon\\www\\...', 23)
#1 [internal function]: Illuminate\Foundation\Bootstrap\HandleExceptions->Illuminate\Foundation\Bootstrap\{closure}(512, 'Required @OA\\In...', 'C:\\laragon\\www\\...', 23)
#2 C:\laragon\www\api-UAS-GoTravelJatim--main\vendor\zircote\swagger-php\src\Loggers\DefaultLogger.php(23): trigger_error('Required @OA\\In...', 512)
#3 C:\laragon\www\api-UAS-GoTravelJatim--main\vendor\psr\log\src\LoggerTrait.php(61): OpenApi\Loggers\DefaultLogger->log('warning', 'Required @OA\\In...', Array)
#4 C:\laragon\www\api-UAS-GoTravelJatim--main\vendor\zircote\swagger-php\src\Annotations\AbstractAnnotation.php(549): Psr\Log\AbstractLogger->warning('Required @OA\\In...')
#5 C:\laragon\www\api-UAS-GoTravelJatim--main\vendor\zircote\swagger-php\src\Annotations\OpenApi.php(162): OpenApi\Annotations\AbstractAnnotation->validate(Object(OpenApi\Analysis), '3.0.0', Object(stdClass))
#6 C:\laragon\www\api-UAS-GoTravelJatim--main\vendor\zircote\swagger-php\src\Analysis.php(402): OpenApi\Annotations\OpenApi->validate(Object(OpenApi\Analysis), '3.0.0', Object(stdClass))
#7 C:\laragon\www\api-UAS-GoTravelJatim--main\vendor\zircote\swagger-php\src\Generator.php(408): OpenApi\Analysis->validate()
#8 C:\laragon\www\api-UAS-GoTravelJatim--main\vendor\darkaonline\l5-swagger\src\Generator.php(177): OpenApi\Generator->generate(Object(OpenApi\SourceFinder), Object(OpenApi\Analysis))
#9 C:\laragon\www\api-UAS-GoTravelJatim--main\vendor\darkaonline\l5-swagger\src\Generator.php(118): L5Swagger\Generator->scanFilesForDocumentation()
#10 C:\laragon\www\api-UAS-GoTravelJatim--main\vendor\darkaonline\l5-swagger\src\Http\Controllers\SwaggerController.php(53): L5Swagger\Generator->generateDocs()
#11 C:\laragon\www\api-UAS-GoTravelJatim--main\vendor\laravel\framework\src\Illuminate\Routing\Controller.php(54): L5Swagger\Http\Controllers\SwaggerController->docs(Object(Illuminate\Http\Request))
#12 C:\laragon\www\api-UAS-GoTravelJatim--main\vendor\laravel\framework\src\Illuminate\Routing\ControllerDispatcher.php(43): Illuminate\Routing\Controller->callAction('docs', Array)
#13 C:\laragon\www\api-UAS-GoTravelJatim--main\vendor\laravel\framework\src\Illuminate\Routing\Route.php(269): Illuminate\Routing\ControllerDispatcher->dispatch(Object(Illuminate\Routing\Route), Object(L5Swagger\Http\Controllers\SwaggerController), 'docs')
#14 C:\laragon\www\api-UAS-GoTravelJatim--main\vendor\laravel\framework\src\Illuminate\Routing\Route.php(215): Illuminate\Routing\Route->runController()
#15 C:\laragon\www\api-UAS-GoTravelJatim--main\vendor\laravel\framework\src\Illuminate\Routing\Router.php(822): Illuminate\Routing\Route->run()
#16 C:\laragon\www\api-UAS-GoTravelJatim--main\vendor\laravel\framework\src\Illuminate\Pipeline\Pipeline.php(180): Illuminate\Routing\Router->Illuminate\Routing\{closure}(Object(Illuminate\Http\Request))
#17 C:\laragon\www\api-UAS-GoTravelJatim--main\vendor\darkaonline\l5-swagger\src\Http\Middleware\Config.php(36): Illuminate\Pipeline\Pipeline->Illuminate\Pipeline\{closure}(Object(Illuminate\Http\Request))
#18 C:\laragon\www\api-UAS-GoTravelJatim--main\vendor\laravel\framework\src\Illuminate\Pipeline\Pipeline.php(219): L5Swagger\Http\Middleware\Config->handle(Object(Illuminate\Http\Request), Object(Closure))
#19 C:\laragon\www\api-UAS-GoTravelJatim--main\vendor\laravel\framework\src\Illuminate\Pipeline\Pipeline.php(137): Illuminate\Pipeline\Pipeline->Illuminate\Pipeline\{closure}(Object(Illuminate\Http\Request))
#20 C:\laragon\www\api-UAS-GoTravelJatim--main\vendor\laravel\framework\src\Illuminate\Routing\Router.php(821): Illuminate\Pipeline\Pipeline->then(Object(Closure))
#21 C:\laragon\www\api-UAS-GoTravelJatim--main\vendor\laravel\framework\src\Illuminate\Routing\Router.php(800): Illuminate\Routing\Router->runRouteWithinStack(Object(Illuminate\Routing\Route), Object(Illuminate\Http\Request))
#22 C:\laragon\www\api-UAS-GoTravelJatim--main\vendor\laravel\framework\src\Illuminate\Routing\Router.php(764): Illuminate\Routing\Router->runRoute(Object(Illuminate\Http\Request), Object(Illuminate\Routing\Route))
#23 C:\laragon\www\api-UAS-GoTravelJatim--main\vendor\laravel\framework\src\Illuminate\Routing\Router.php(753): Illuminate\Routing\Router->dispatchToRoute(Object(Illuminate\Http\Request))
#24 C:\laragon\www\api-UAS-GoTravelJatim--main\vendor\laravel\framework\src\Illuminate\Foundation\Http\Kernel.php(200): Illuminate\Routing\Router->dispatch(Object(Illuminate\Http\Request))
#25 C:\laragon\www\api-UAS-GoTravelJatim--main\vendor\laravel\framework\src\Illuminate\Pipeline\Pipeline.php(180): Illuminate\Foundation\Http\Kernel->Illuminate\Foundation\Http\{closure}(Object(Illuminate\Http\Request))
#26 C:\laragon\www\api-UAS-GoTravelJatim--main\vendor\laravel\framework\src\Illuminate\Foundation\Http\Middleware\TransformsRequest.php(21): Illuminate\Pipeline\Pipeline->Illuminate\Pipeline\{closure}(Object(Illuminate\Http\Request))
#27 C:\laragon\www\api-UAS-GoTravelJatim--main\vendor\laravel\framework\src\Illuminate\Foundation\Http\Middleware\ConvertEmptyStringsToNull.php(31): Illuminate\Foundation\Http\Middleware\TransformsRequest->handle(Object(Illuminate\Http\Request), Object(Closure))
#28 C:\laragon\www\api-UAS-GoTravelJatim--main\vendor\laravel\framework\src\Illuminate\Pipeline\Pipeline.php(219): Illuminate\Foundation\Http\Middleware\ConvertEmptyStringsToNull->handle(Object(Illuminate\Http\Request), Object(Closure))
#29 C:\laragon\www\api-UAS-GoTravelJatim--main\vendor\laravel\framework\src\Illuminate\Foundation\Http\Middleware\TransformsRequest.php(21): Illuminate\Pipeline\Pipeline->Illuminate\Pipeline\{closure}(Object(Illuminate\Http\Request))
#30 C:\laragon\www\api-UAS-GoTravelJatim--main\vendor\laravel\framework\src\Illuminate\Foundation\Http\Middleware\TrimStrings.php(51): Illuminate\Foundation\Http\Middleware\TransformsRequest->handle(Object(Illuminate\Http\Request), Object(Closure))
#31 C:\laragon\www\api-UAS-GoTravelJatim--main\vendor\laravel\framework\src\Illuminate\Pipeline\Pipeline.php(219): Illuminate\Foundation\Http\Middleware\TrimStrings->handle(Object(Illuminate\Http\Request), Object(Closure))
#32 C:\laragon\www\api-UAS-GoTravelJatim--main\vendor\laravel\framework\src\Illuminate\Http\Middleware\ValidatePostSize.php(27): Illuminate\Pipeline\Pipeline->Illuminate\Pipeline\{closure}(Object(Illuminate\Http\Request))
#33 C:\laragon\www\api-UAS-GoTravelJatim--main\vendor\laravel\framework\src\Illuminate\Pipeline\Pipeline.php(219): Illuminate\Http\Middleware\ValidatePostSize->handle(Object(Illuminate\Http\Request), Object(Closure))
#34 C:\laragon\www\api-UAS-GoTravelJatim--main\vendor\laravel\framework\src\Illuminate\Foundation\Http\Middleware\PreventRequestsDuringMaintenance.php(109): Illuminate\Pipeline\Pipeline->Illuminate\Pipeline\{closure}(Object(Illuminate\Http\Request))
#35 C:\laragon\www\api-UAS-GoTravelJatim--main\vendor\laravel\framework\src\Illuminate\Pipeline\Pipeline.php(219): Illuminate\Foundation\Http\Middleware\PreventRequestsDuringMaintenance->handle(Object(Illuminate\Http\Request), Object(Closure))
#36 C:\laragon\www\api-UAS-GoTravelJatim--main\vendor\laravel\framework\src\Illuminate\Http\Middleware\HandleCors.php(61): Illuminate\Pipeline\Pipeline->Illuminate\Pipeline\{closure}(Object(Illuminate\Http\Request))
#37 C:\laragon\www\api-UAS-GoTravelJatim--main\vendor\laravel\framework\src\Illuminate\Pipeline\Pipeline.php(219): Illuminate\Http\Middleware\HandleCors->handle(Object(Illuminate\Http\Request), Object(Closure))
#38 C:\laragon\www\api-UAS-GoTravelJatim--main\vendor\laravel\framework\src\Illuminate\Http\Middleware\TrustProxies.php(58): Illuminate\Pipeline\Pipeline->Illuminate\Pipeline\{closure}(Object(Illuminate\Http\Request))
#39 C:\laragon\www\api-UAS-GoTravelJatim--main\vendor\laravel\framework\src\Illuminate\Pipeline\Pipeline.php(219): Illuminate\Http\Middleware\TrustProxies->handle(Object(Illuminate\Http\Request), Object(Closure))
#40 C:\laragon\www\api-UAS-GoTravelJatim--main\vendor\laravel\framework\src\Illuminate\Foundation\Http\Middleware\InvokeDeferredCallbacks.php(22): Illuminate\Pipeline\Pipeline->Illuminate\Pipeline\{closure}(Object(Illuminate\Http\Request))
#41 C:\laragon\www\api-UAS-GoTravelJatim--main\vendor\laravel\framework\src\Illuminate\Pipeline\Pipeline.php(219): Illuminate\Foundation\Http\Middleware\InvokeDeferredCallbacks->handle(Object(Illuminate\Http\Request), Object(Closure))
#42 C:\laragon\www\api-UAS-GoTravelJatim--main\vendor\laravel\framework\src\Illuminate\Http\Middleware\ValidatePathEncoding.php(28): Illuminate\Pipeline\Pipeline->Illuminate\Pipeline\{closure}(Object(Illuminate\Http\Request))
#43 C:\laragon\www\api-UAS-GoTravelJatim--main\vendor\laravel\framework\src\Illuminate\Pipeline\Pipeline.php(219): Illuminate\Http\Middleware\ValidatePathEncoding->handle(Object(Illuminate\Http\Request), Object(Closure))
#44 C:\laragon\www\api-UAS-GoTravelJatim--main\vendor\laravel\framework\src\Illuminate\Pipeline\Pipeline.php(137): Illuminate\Pipeline\Pipeline->Illuminate\Pipeline\{closure}(Object(Illuminate\Http\Request))
#45 C:\laragon\www\api-UAS-GoTravelJatim--main\vendor\laravel\framework\src\Illuminate\Foundation\Http\Kernel.php(175): Illuminate\Pipeline\Pipeline->then(Object(Closure))
#46 C:\laragon\www\api-UAS-GoTravelJatim--main\vendor\laravel\framework\src\Illuminate\Foundation\Http\Kernel.php(144): Illuminate\Foundation\Http\Kernel->sendRequestThroughRouter(Object(Illuminate\Http\Request))
#47 C:\laragon\www\api-UAS-GoTravelJatim--main\vendor\laravel\framework\src\Illuminate\Foundation\Application.php(1220): Illuminate\Foundation\Http\Kernel->handle(Object(Illuminate\Http\Request))
#48 C:\laragon\www\api-UAS-GoTravelJatim--main\public\index.php(20): Illuminate\Foundation\Application->handleRequest(Object(Illuminate\Http\Request))
#49 C:\laragon\www\api-UAS-GoTravelJatim--main\vendor\laravel\framework\src\Illuminate\Foundation\resources\server.php(23): require_once('C:\\laragon\\www\\...')
#50 {main}  
[2026-06-07 16:48:39] local.ERROR: Route [l5-swagger.default.docs] not defined. {"exception":"[object] (Symfony\\Component\\Routing\\Exception\\RouteNotFoundException(code: 0): Route [l5-swagger.default.docs] not defined. at C:/laragon/www/api-UAS-GoTravelJatim--main/vendor/laravel/framework/src/Illuminate/Routing/UrlGenerator.php:546)
[stacktrace]
#0 C:/laragon/www/api-UAS-GoTravelJatim--main/vendor/laravel/framework/src/Illuminate/Foundation/helpers.php(870): Illuminate/Routing/UrlGenerator->route('l5-swagger.defa...', 'api-docs.json', true)
#1 C:/laragon/www/api-UAS-GoTravelJatim--main/vendor/darkaonline/l5-swagger/src/Http/Controllers/SwaggerController.php(170): route('l5-swagger.defa...', 'api-docs.json', true)
#2 C:/laragon/www/api-UAS-GoTravelJatim--main/vendor/darkaonline/l5-swagger/src/Http/Controllers/SwaggerController.php(112): L5Swagger/Http/Controllers/SwaggerController->generateDocumentationFileURL('default', Array)
#3 C:/laragon/www/api-UAS-GoTravelJatim--main/vendor/laravel/framework/src/Illuminate/Routing/Controller.php(54): L5Swagger/Http/Controllers/SwaggerController->api(Object(Illuminate/Http/Request))
#4 C:/laragon/www/api-UAS-GoTravelJatim--main/vendor/laravel/framework/src/Illuminate/Routing/ControllerDispatcher.php(43): Illuminate/Routing/Controller->callAction('api', Array)
#5 C:/laragon/www/api-UAS-GoTravelJatim--main/vendor/laravel/framework/src/Illuminate/Routing/Route.php(269): Illuminate/Routing/ControllerDispatcher->dispatch(Object(Illuminate/Routing/Route), Object(L5Swagger/Http/Controllers/SwaggerController), 'api')
#6 C:/laragon/www/api-UAS-GoTravelJatim--main/vendor/laravel/framework/src/Illuminate/Routing/Route.php(215): Illuminate/Routing/Route->runController()
#7 C:/laragon/www/api-UAS-GoTravelJatim--main/vendor/laravel/framework/src/Illuminate/Routing/Router.php(822): Illuminate/Routing/Route->run()
#8 C:/laragon/www/api-UAS-GoTravelJatim--main/vendor/laravel/framework/src/Illuminate/Pipeline/Pipeline.php(180): Illuminate/Routing/Router->Illuminate/Routing/{closure}(Object(Illuminate/Http/Request))
#9 C:/laragon/www/api-UAS-GoTravelJatim--main/vendor/darkaonline/l5-swagger/src/Http/Middleware/Config.php(36): Illuminate/Pipeline/Pipeline->Illuminate/Pipeline/{closure}(Object(Illuminate/Http/Request))
#10 C:/laragon/www/api-UAS-GoTravelJatim--main/vendor/laravel/framework/src/Illuminate/Pipeline/Pipeline.php(219): L5Swagger/Http/Middleware/Config->handle(Object(Illuminate/Http/Request), Object(Closure))
#11 C:/laragon/www/api-UAS-GoTravelJatim--main/vendor/laravel/framework/src/Illuminate/Pipeline/Pipeline.php(137): Illuminate/Pipeline/Pipeline->Illuminate/Pipeline/{closure}(Object(Illuminate/Http/Request))
#12 C:/laragon/www/api-UAS-GoTravelJatim--main/vendor/laravel/framework/src/Illuminate/Routing/Router.php(821): Illuminate/Pipeline/Pipeline->then(Object(Closure))
#13 C:/laragon/www/api-UAS-GoTravelJatim--main/vendor/laravel/framework/src/Illuminate/Routing/Router.php(800): Illuminate/Routing/Router->runRouteWithinStack(Object(Illuminate/Routing/Route), Object(Illuminate/Http/Request))
#14 C:/laragon/www/api-UAS-GoTravelJatim--main/vendor/laravel/framework/src/Illuminate/Routing/Router.php(764): Illuminate/Routing/Router->runRoute(Object(Illuminate/Http/Request), Object(Illuminate/Routing/Route))
#15 C:/laragon/www/api-UAS-GoTravelJatim--main/vendor/laravel/framework/src/Illuminate/Routing/Router.php(753): Illuminate/Routing/Router->dispatchToRoute(Object(Illuminate/Http/Request))
#16 C:/laragon/www/api-UAS-GoTravelJatim--main/vendor/laravel/framework/src/Illuminate/Foundation/Http/Kernel.php(200): Illuminate/Routing/Router->dispatch(Object(Illuminate/Http/Request))
#17 C:/laragon/www/api-UAS-GoTravelJatim--main/vendor/laravel/framework/src/Illuminate/Pipeline/Pipeline.php(180): Illuminate/Foundation/Http/Kernel->Illuminate/Foundation/Http/{closure}(Object(Illuminate/Http/Request))
#18 C:/laragon/www/api-UAS-GoTravelJatim--main/vendor/laravel/framework/src/Illuminate/Foundation/Http/Middleware/TransformsRequest.php(21): Illuminate/Pipeline/Pipeline->Illuminate/Pipeline/{closure}(Object(Illuminate/Http/Request))
#19 C:/laragon/www/api-UAS-GoTravelJatim--main/vendor/laravel/framework/src/Illuminate/Foundation/Http/Middleware/ConvertEmptyStringsToNull.php(31): Illuminate/Foundation/Http/Middleware/TransformsRequest->handle(Object(Illuminate/Http/Request), Object(Closure))
#20 C:/laragon/www/api-UAS-GoTravelJatim--main/vendor/laravel/framework/src/Illuminate/Pipeline/Pipeline.php(219): Illuminate/Foundation/Http/Middleware/ConvertEmptyStringsToNull->handle(Object(Illuminate/Http/Request), Object(Closure))
#21 C:/laragon/www/api-UAS-GoTravelJatim--main/vendor/laravel/framework/src/Illuminate/Foundation/Http/Middleware/TransformsRequest.php(21): Illuminate/Pipeline/Pipeline->Illuminate/Pipeline/{closure}(Object(Illuminate/Http/Request))
#22 C:/laragon/www/api-UAS-GoTravelJatim--main/vendor/laravel/framework/src/Illuminate/Foundation/Http/Middleware/TrimStrings.php(51): Illuminate/Foundation/Http/Middleware/TransformsRequest->handle(Object(Illuminate/Http/Request), Object(Closure))
#23 C:/laragon/www/api-UAS-GoTravelJatim--main/vendor/laravel/framework/src/Illuminate/Pipeline/Pipeline.php(219): Illuminate/Foundation/Http/Middleware/TrimStrings->handle(Object(Illuminate/Http/Request), Object(Closure))
#24 C:/laragon/www/api-UAS-GoTravelJatim--main/vendor/laravel/framework/src/Illuminate/Http/Middleware/ValidatePostSize.php(27): Illuminate/Pipeline/Pipeline->Illuminate/Pipeline/{closure}(Object(Illuminate/Http/Request))
#25 C:/laragon/www/api-UAS-GoTravelJatim--main/vendor/laravel/framework/src/Illuminate/Pipeline/Pipeline.php(219): Illuminate/Http/Middleware/ValidatePostSize->handle(Object(Illuminate/Http/Request), Object(Closure))
#26 C:/laragon/www/api-UAS-GoTravelJatim--main/vendor/laravel/framework/src/Illuminate/Foundation/Http/Middleware/PreventRequestsDuringMaintenance.php(109): Illuminate/Pipeline/Pipeline->Illuminate/Pipeline/{closure}(Object(Illuminate/Http/Request))
#27 C:/laragon/www/api-UAS-GoTravelJatim--main/vendor/laravel/framework/src/Illuminate/Pipeline/Pipeline.php(219): Illuminate/Foundation/Http/Middleware/PreventRequestsDuringMaintenance->handle(Object(Illuminate/Http/Request), Object(Closure))
#28 C:/laragon/www/api-UAS-GoTravelJatim--main/vendor/laravel/framework/src/Illuminate/Http/Middleware/HandleCors.php(74): Illuminate/Pipeline/Pipeline->Illuminate/Pipeline/{closure}(Object(Illuminate/Http/Request))
#29 C:/laragon/www/api-UAS-GoTravelJatim--main/vendor/laravel/framework/src/Illuminate/Pipeline/Pipeline.php(219): Illuminate/Http/Middleware/HandleCors->handle(Object(Illuminate/Http/Request), Object(Closure))
#30 C:/laragon/www/api-UAS-GoTravelJatim--main/vendor/laravel/framework/src/Illuminate/Http/Middleware/TrustProxies.php(58): Illuminate/Pipeline/Pipeline->Illuminate/Pipeline/{closure}(Object(Illuminate/Http/Request))
#31 C:/laragon/www/api-UAS-GoTravelJatim--main/vendor/laravel/framework/src/Illuminate/Pipeline/Pipeline.php(219): Illuminate/Http/Middleware/TrustProxies->handle(Object(Illuminate/Http/Request), Object(Closure))
#32 C:/laragon/www/api-UAS-GoTravelJatim--main/vendor/laravel/framework/src/Illuminate/Foundation/Http/Middleware/InvokeDeferredCallbacks.php(22): Illuminate/Pipeline/Pipeline->Illuminate/Pipeline/{closure}(Object(Illuminate/Http/Request))
#33 C:/laragon/www/api-UAS-GoTravelJatim--main/vendor/laravel/framework/src/Illuminate/Pipeline/Pipeline.php(219): Illuminate/Foundation/Http/Middleware/InvokeDeferredCallbacks->handle(Object(Illuminate/Http/Request), Object(Closure))
#34 C:/laragon/www/api-UAS-GoTravelJatim--main/vendor/laravel/framework/src/Illuminate/Http/Middleware/ValidatePathEncoding.php(28): Illuminate/Pipeline/Pipeline->Illuminate/Pipeline/{closure}(Object(Illuminate/Http/Request))
#35 C:/laragon/www/api-UAS-GoTravelJatim--main/vendor/laravel/framework/src/Illuminate/Pipeline/Pipeline.php(219): Illuminate/Http/Middleware/ValidatePathEncoding->handle(Object(Illuminate/Http/Request), Object(Closure))
#36 C:/laragon/www/api-UAS-GoTravelJatim--main/vendor/laravel/framework/src/Illuminate/Pipeline/Pipeline.php(137): Illuminate/Pipeline/Pipeline->Illuminate/Pipeline/{closure}(Object(Illuminate/Http/Request))
#37 C:/laragon/www/api-UAS-GoTravelJatim--main/vendor/laravel/framework/src/Illuminate/Foundation/Http/Kernel.php(175): Illuminate/Pipeline/Pipeline->then(Object(Closure))
#38 C:/laragon/www/api-UAS-GoTravelJatim--main/vendor/laravel/framework/src/Illuminate/Foundation/Http/Kernel.php(144): Illuminate/Foundation/Http/Kernel->sendRequestThroughRouter(Object(Illuminate/Http/Request))
#39 C:/laragon/www/api-UAS-GoTravelJatim--main/vendor/laravel/framework/src/Illuminate/Foundation/Application.php(1220): Illuminate/Foundation/Http/Kernel->handle(Object(Illuminate/Http/Request))
#40 C:/laragon/www/api-UAS-GoTravelJatim--main/public/index.php(20): Illuminate/Foundation/Application->handleRequest(Object(Illuminate/Http/Request))
#41 C:/laragon/www/api-UAS-GoTravelJatim--main/vendor/laravel/framework/src/Illuminate/Foundation/resources/server.php(23): require_once('C://laragon//www//...')
#42 {main}
"} 
[2026-06-07 16:51:02] laravel.EMERGENCY: Unable to create configured logger. Using emergency logger. {"exception":"[object] (InvalidArgumentException(code: 0): Log [] is not defined. at C:/laragon/www/api-UAS-GoTravelJatim--main/vendor/laravel/framework/src/Illuminate/Log/LogManager.php:227)
[stacktrace]
#0 C:/laragon/www/api-UAS-GoTravelJatim--main/vendor/laravel/framework/src/Illuminate/Log/LogManager.php(143): Illuminate/Log/LogManager->resolve(NULL, NULL)
#1 C:/laragon/www/api-UAS-GoTravelJatim--main/vendor/laravel/framework/src/Illuminate/Log/LogManager.php(130): Illuminate/Log/LogManager->get(NULL)
#2 C:/laragon/www/api-UAS-GoTravelJatim--main/vendor/laravel/framework/src/Illuminate/Log/LogManager.php(714): Illuminate/Log/LogManager->driver()
#3 C:/laragon/www/api-UAS-GoTravelJatim--main/vendor/laravel/framework/src/Illuminate/Foundation/Exceptions/Handler.php(416): Illuminate/Log/LogManager->error('Class \"L5Swagge...', Array)
#4 C:/laragon/www/api-UAS-GoTravelJatim--main/vendor/laravel/framework/src/Illuminate/Foundation/Exceptions/Handler.php(374): Illuminate/Foundation/Exceptions/Handler->reportThrowable(Object(Error))
#5 C:/laragon/www/api-UAS-GoTravelJatim--main/vendor/laravel/framework/src/Illuminate/Foundation/Console/Kernel.php(641): Illuminate/Foundation/Exceptions/Handler->report(Object(Error))
#6 C:/laragon/www/api-UAS-GoTravelJatim--main/vendor/laravel/framework/src/Illuminate/Foundation/Console/Kernel.php(200): Illuminate/Foundation/Console/Kernel->reportException(Object(Error))
#7 C:/laragon/www/api-UAS-GoTravelJatim--main/vendor/laravel/framework/src/Illuminate/Foundation/Application.php(1235): Illuminate/Foundation/Console/Kernel->handle(Object(Symfony/Component/Console/Input/ArgvInput), Object(Symfony/Component/Console/Output/ConsoleOutput))
#8 C:/laragon/www/api-UAS-GoTravelJatim--main/artisan(16): Illuminate/Foundation/Application->handleCommand(Object(Symfony/Component/Console/Input/ArgvInput))
#9 {main}
"} 
[2026-06-07 16:51:02] laravel.ERROR: Class "L5Swagger\Generator" not found {"exception":"[object] (Error(code: 0): Class \"L5Swagger\\Generator\" not found at C:/laragon/www/api-UAS-GoTravelJatim--main/config/l5-swagger.php:165)
[stacktrace]
#0 C:/laragon/www/api-UAS-GoTravelJatim--main/vendor/laravel/framework/src/Illuminate/Foundation/Bootstrap/LoadConfiguration.php(115): require()
#1 C:/laragon/www/api-UAS-GoTravelJatim--main/vendor/laravel/framework/src/Illuminate/Foundation/Bootstrap/LoadConfiguration.php(115): Illuminate/Foundation/Bootstrap/LoadConfiguration->Illuminate/Foundation/Bootstrap/{closure}()
#2 C:/laragon/www/api-UAS-GoTravelJatim--main/vendor/laravel/framework/src/Illuminate/Foundation/Bootstrap/LoadConfiguration.php(96): Illuminate/Foundation/Bootstrap/LoadConfiguration->loadConfigurationFile(Object(Illuminate/Config/Repository), 'l5-swagger', 'C://laragon//www//...', Array)
#3 C:/laragon/www/api-UAS-GoTravelJatim--main/vendor/laravel/framework/src/Illuminate/Foundation/Bootstrap/LoadConfiguration.php(55): Illuminate/Foundation/Bootstrap/LoadConfiguration->loadConfigurationFiles(Object(Illuminate/Foundation/Application), Object(Illuminate/Config/Repository))
#4 C:/laragon/www/api-UAS-GoTravelJatim--main/vendor/laravel/framework/src/Illuminate/Foundation/Application.php(342): Illuminate/Foundation/Bootstrap/LoadConfiguration->bootstrap(Object(Illuminate/Foundation/Application))
#5 C:/laragon/www/api-UAS-GoTravelJatim--main/vendor/laravel/framework/src/Illuminate/Foundation/Console/Kernel.php(494): Illuminate/Foundation/Application->bootstrapWith(Array)
#6 C:/laragon/www/api-UAS-GoTravelJatim--main/vendor/laravel/framework/src/Illuminate/Foundation/Console/Kernel.php(196): Illuminate/Foundation/Console/Kernel->bootstrap()
#7 C:/laragon/www/api-UAS-GoTravelJatim--main/vendor/laravel/framework/src/Illuminate/Foundation/Application.php(1235): Illuminate/Foundation/Console/Kernel->handle(Object(Symfony/Component/Console/Input/ArgvInput), Object(Symfony/Component/Console/Output/ConsoleOutput))
#8 C:/laragon/www/api-UAS-GoTravelJatim--main/artisan(16): Illuminate/Foundation/Application->handleCommand(Object(Symfony/Component/Console/Input/ArgvInput))
#9 {main}
"} 
[2026-06-07 16:51:24] laravel.EMERGENCY: Unable to create configured logger. Using emergency logger. {"exception":"[object] (InvalidArgumentException(code: 0): Log [] is not defined. at C:/laragon/www/api-UAS-GoTravelJatim--main/vendor/laravel/framework/src/Illuminate/Log/LogManager.php:227)
[stacktrace]
#0 C:/laragon/www/api-UAS-GoTravelJatim--main/vendor/laravel/framework/src/Illuminate/Log/LogManager.php(143): Illuminate/Log/LogManager->resolve(NULL, NULL)
#1 C:/laragon/www/api-UAS-GoTravelJatim--main/vendor/laravel/framework/src/Illuminate/Log/LogManager.php(130): Illuminate/Log/LogManager->get(NULL)
#2 C:/laragon/www/api-UAS-GoTravelJatim--main/vendor/laravel/framework/src/Illuminate/Log/LogManager.php(714): Illuminate/Log/LogManager->driver()
#3 C:/laragon/www/api-UAS-GoTravelJatim--main/vendor/laravel/framework/src/Illuminate/Foundation/Exceptions/Handler.php(416): Illuminate/Log/LogManager->error('Class \"L5Swagge...', Array)
#4 C:/laragon/www/api-UAS-GoTravelJatim--main/vendor/laravel/framework/src/Illuminate/Foundation/Exceptions/Handler.php(374): Illuminate/Foundation/Exceptions/Handler->reportThrowable(Object(Error))
#5 C:/laragon/www/api-UAS-GoTravelJatim--main/vendor/laravel/framework/src/Illuminate/Foundation/Console/Kernel.php(641): Illuminate/Foundation/Exceptions/Handler->report(Object(Error))
#6 C:/laragon/www/api-UAS-GoTravelJatim--main/vendor/laravel/framework/src/Illuminate/Foundation/Console/Kernel.php(200): Illuminate/Foundation/Console/Kernel->reportException(Object(Error))
#7 C:/laragon/www/api-UAS-GoTravelJatim--main/vendor/laravel/framework/src/Illuminate/Foundation/Application.php(1235): Illuminate/Foundation/Console/Kernel->handle(Object(Symfony/Component/Console/Input/ArgvInput), Object(Symfony/Component/Console/Output/ConsoleOutput))
#8 C:/laragon/www/api-UAS-GoTravelJatim--main/artisan(16): Illuminate/Foundation/Application->handleCommand(Object(Symfony/Component/Console/Input/ArgvInput))
#9 {main}
"} 
[2026-06-07 16:51:24] laravel.ERROR: Class "L5Swagger\Generator" not found {"exception":"[object] (Error(code: 0): Class \"L5Swagger\\Generator\" not found at C:/laragon/www/api-UAS-GoTravelJatim--main/config/l5-swagger.php:165)
[stacktrace]
#0 C:/laragon/www/api-UAS-GoTravelJatim--main/vendor/laravel/framework/src/Illuminate/Foundation/Bootstrap/LoadConfiguration.php(115): require()
#1 C:/laragon/www/api-UAS-GoTravelJatim--main/vendor/laravel/framework/src/Illuminate/Foundation/Bootstrap/LoadConfiguration.php(115): Illuminate/Foundation/Bootstrap/LoadConfiguration->Illuminate/Foundation/Bootstrap/{closure}()
#2 C:/laragon/www/api-UAS-GoTravelJatim--main/vendor/laravel/framework/src/Illuminate/Foundation/Bootstrap/LoadConfiguration.php(96): Illuminate/Foundation/Bootstrap/LoadConfiguration->loadConfigurationFile(Object(Illuminate/Config/Repository), 'l5-swagger', 'C://laragon//www//...', Array)
#3 C:/laragon/www/api-UAS-GoTravelJatim--main/vendor/laravel/framework/src/Illuminate/Foundation/Bootstrap/LoadConfiguration.php(55): Illuminate/Foundation/Bootstrap/LoadConfiguration->loadConfigurationFiles(Object(Illuminate/Foundation/Application), Object(Illuminate/Config/Repository))
#4 C:/laragon/www/api-UAS-GoTravelJatim--main/vendor/laravel/framework/src/Illuminate/Foundation/Application.php(342): Illuminate/Foundation/Bootstrap/LoadConfiguration->bootstrap(Object(Illuminate/Foundation/Application))
#5 C:/laragon/www/api-UAS-GoTravelJatim--main/vendor/laravel/framework/src/Illuminate/Foundation/Console/Kernel.php(494): Illuminate/Foundation/Application->bootstrapWith(Array)
#6 C:/laragon/www/api-UAS-GoTravelJatim--main/vendor/laravel/framework/src/Illuminate/Foundation/Console/Kernel.php(196): Illuminate/Foundation/Console/Kernel->bootstrap()
#7 C:/laragon/www/api-UAS-GoTravelJatim--main/vendor/laravel/framework/src/Illuminate/Foundation/Application.php(1235): Illuminate/Foundation/Console/Kernel->handle(Object(Symfony/Component/Console/Input/ArgvInput), Object(Symfony/Component/Console/Output/ConsoleOutput))
#8 C:/laragon/www/api-UAS-GoTravelJatim--main/artisan(16): Illuminate/Foundation/Application->handleCommand(Object(Symfony/Component/Console/Input/ArgvInput))
#9 {main}
"} 
[2026-06-07 16:52:22] laravel.EMERGENCY: Unable to create configured logger. Using emergency logger. {"exception":"[object] (InvalidArgumentException(code: 0): Log [] is not defined. at C:/laragon/www/api-UAS-GoTravelJatim--main/vendor/laravel/framework/src/Illuminate/Log/LogManager.php:227)
[stacktrace]
#0 C:/laragon/www/api-UAS-GoTravelJatim--main/vendor/laravel/framework/src/Illuminate/Log/LogManager.php(143): Illuminate/Log/LogManager->resolve(NULL, NULL)
#1 C:/laragon/www/api-UAS-GoTravelJatim--main/vendor/laravel/framework/src/Illuminate/Log/LogManager.php(130): Illuminate/Log/LogManager->get(NULL)
#2 C:/laragon/www/api-UAS-GoTravelJatim--main/vendor/laravel/framework/src/Illuminate/Log/LogManager.php(714): Illuminate/Log/LogManager->driver()
#3 C:/laragon/www/api-UAS-GoTravelJatim--main/vendor/laravel/framework/src/Illuminate/Foundation/Exceptions/Handler.php(416): Illuminate/Log/LogManager->error('Class \"L5Swagge...', Array)
#4 C:/laragon/www/api-UAS-GoTravelJatim--main/vendor/laravel/framework/src/Illuminate/Foundation/Exceptions/Handler.php(374): Illuminate/Foundation/Exceptions/Handler->reportThrowable(Object(Error))
#5 C:/laragon/www/api-UAS-GoTravelJatim--main/vendor/laravel/framework/src/Illuminate/Foundation/Console/Kernel.php(641): Illuminate/Foundation/Exceptions/Handler->report(Object(Error))
#6 C:/laragon/www/api-UAS-GoTravelJatim--main/vendor/laravel/framework/src/Illuminate/Foundation/Console/Kernel.php(200): Illuminate/Foundation/Console/Kernel->reportException(Object(Error))
#7 C:/laragon/www/api-UAS-GoTravelJatim--main/vendor/laravel/framework/src/Illuminate/Foundation/Application.php(1235): Illuminate/Foundation/Console/Kernel->handle(Object(Symfony/Component/Console/Input/ArgvInput), Object(Symfony/Component/Console/Output/ConsoleOutput))
#8 C:/laragon/www/api-UAS-GoTravelJatim--main/artisan(16): Illuminate/Foundation/Application->handleCommand(Object(Symfony/Component/Console/Input/ArgvInput))
#9 {main}
"} 
[2026-06-07 16:52:22] laravel.ERROR: Class "L5Swagger\Generator" not found {"exception":"[object] (Error(code: 0): Class \"L5Swagger\\Generator\" not found at C:/laragon/www/api-UAS-GoTravelJatim--main/config/l5-swagger.php:165)
[stacktrace]
#0 C:/laragon/www/api-UAS-GoTravelJatim--main/vendor/laravel/framework/src/Illuminate/Foundation/Bootstrap/LoadConfiguration.php(115): require()
#1 C:/laragon/www/api-UAS-GoTravelJatim--main/vendor/laravel/framework/src/Illuminate/Foundation/Bootstrap/LoadConfiguration.php(115): Illuminate/Foundation/Bootstrap/LoadConfiguration->Illuminate/Foundation/Bootstrap/{closure}()
#2 C:/laragon/www/api-UAS-GoTravelJatim--main/vendor/laravel/framework/src/Illuminate/Foundation/Bootstrap/LoadConfiguration.php(96): Illuminate/Foundation/Bootstrap/LoadConfiguration->loadConfigurationFile(Object(Illuminate/Config/Repository), 'l5-swagger', 'C://laragon//www//...', Array)
#3 C:/laragon/www/api-UAS-GoTravelJatim--main/vendor/laravel/framework/src/Illuminate/Foundation/Bootstrap/LoadConfiguration.php(55): Illuminate/Foundation/Bootstrap/LoadConfiguration->loadConfigurationFiles(Object(Illuminate/Foundation/Application), Object(Illuminate/Config/Repository))
#4 C:/laragon/www/api-UAS-GoTravelJatim--main/vendor/laravel/framework/src/Illuminate/Foundation/Application.php(342): Illuminate/Foundation/Bootstrap/LoadConfiguration->bootstrap(Object(Illuminate/Foundation/Application))
#5 C:/laragon/www/api-UAS-GoTravelJatim--main/vendor/laravel/framework/src/Illuminate/Foundation/Console/Kernel.php(494): Illuminate/Foundation/Application->bootstrapWith(Array)
#6 C:/laragon/www/api-UAS-GoTravelJatim--main/vendor/laravel/framework/src/Illuminate/Foundation/Console/Kernel.php(196): Illuminate/Foundation/Console/Kernel->bootstrap()
#7 C:/laragon/www/api-UAS-GoTravelJatim--main/vendor/laravel/framework/src/Illuminate/Foundation/Application.php(1235): Illuminate/Foundation/Console/Kernel->handle(Object(Symfony/Component/Console/Input/ArgvInput), Object(Symfony/Component/Console/Output/ConsoleOutput))
#8 C:/laragon/www/api-UAS-GoTravelJatim--main/artisan(16): Illuminate/Foundation/Application->handleCommand(Object(Symfony/Component/Console/Input/ArgvInput))
#9 {main}
"} 
[2026-06-07 16:52:36] laravel.EMERGENCY: Unable to create configured logger. Using emergency logger. {"exception":"[object] (InvalidArgumentException(code: 0): Log [] is not defined. at C:/laragon/www/api-UAS-GoTravelJatim--main/vendor/laravel/framework/src/Illuminate/Log/LogManager.php:227)
[stacktrace]
#0 C:/laragon/www/api-UAS-GoTravelJatim--main/vendor/laravel/framework/src/Illuminate/Log/LogManager.php(143): Illuminate/Log/LogManager->resolve(NULL, NULL)
#1 C:/laragon/www/api-UAS-GoTravelJatim--main/vendor/laravel/framework/src/Illuminate/Log/LogManager.php(130): Illuminate/Log/LogManager->get(NULL)
#2 C:/laragon/www/api-UAS-GoTravelJatim--main/vendor/laravel/framework/src/Illuminate/Log/LogManager.php(714): Illuminate/Log/LogManager->driver()
#3 C:/laragon/www/api-UAS-GoTravelJatim--main/vendor/laravel/framework/src/Illuminate/Foundation/Exceptions/Handler.php(416): Illuminate/Log/LogManager->error('Class \"L5Swagge...', Array)
#4 C:/laragon/www/api-UAS-GoTravelJatim--main/vendor/laravel/framework/src/Illuminate/Foundation/Exceptions/Handler.php(374): Illuminate/Foundation/Exceptions/Handler->reportThrowable(Object(Error))
#5 C:/laragon/www/api-UAS-GoTravelJatim--main/vendor/laravel/framework/src/Illuminate/Foundation/Console/Kernel.php(641): Illuminate/Foundation/Exceptions/Handler->report(Object(Error))
#6 C:/laragon/www/api-UAS-GoTravelJatim--main/vendor/laravel/framework/src/Illuminate/Foundation/Console/Kernel.php(200): Illuminate/Foundation/Console/Kernel->reportException(Object(Error))
#7 C:/laragon/www/api-UAS-GoTravelJatim--main/vendor/laravel/framework/src/Illuminate/Foundation/Application.php(1235): Illuminate/Foundation/Console/Kernel->handle(Object(Symfony/Component/Console/Input/ArgvInput), Object(Symfony/Component/Console/Output/ConsoleOutput))
#8 C:/laragon/www/api-UAS-GoTravelJatim--main/artisan(16): Illuminate/Foundation/Application->handleCommand(Object(Symfony/Component/Console/Input/ArgvInput))
#9 {main}
"} 
[2026-06-07 16:52:36] laravel.ERROR: Class "L5Swagger\Generator" not found {"exception":"[object] (Error(code: 0): Class \"L5Swagger\\Generator\" not found at C:/laragon/www/api-UAS-GoTravelJatim--main/config/l5-swagger.php:165)
[stacktrace]
#0 C:/laragon/www/api-UAS-GoTravelJatim--main/vendor/laravel/framework/src/Illuminate/Foundation/Bootstrap/LoadConfiguration.php(115): require()
#1 C:/laragon/www/api-UAS-GoTravelJatim--main/vendor/laravel/framework/src/Illuminate/Foundation/Bootstrap/LoadConfiguration.php(115): Illuminate/Foundation/Bootstrap/LoadConfiguration->Illuminate/Foundation/Bootstrap/{closure}()
#2 C:/laragon/www/api-UAS-GoTravelJatim--main/vendor/laravel/framework/src/Illuminate/Foundation/Bootstrap/LoadConfiguration.php(96): Illuminate/Foundation/Bootstrap/LoadConfiguration->loadConfigurationFile(Object(Illuminate/Config/Repository), 'l5-swagger', 'C://laragon//www//...', Array)
#3 C:/laragon/www/api-UAS-GoTravelJatim--main/vendor/laravel/framework/src/Illuminate/Foundation/Bootstrap/LoadConfiguration.php(55): Illuminate/Foundation/Bootstrap/LoadConfiguration->loadConfigurationFiles(Object(Illuminate/Foundation/Application), Object(Illuminate/Config/Repository))
#4 C:/laragon/www/api-UAS-GoTravelJatim--main/vendor/laravel/framework/src/Illuminate/Foundation/Application.php(342): Illuminate/Foundation/Bootstrap/LoadConfiguration->bootstrap(Object(Illuminate/Foundation/Application))
#5 C:/laragon/www/api-UAS-GoTravelJatim--main/vendor/laravel/framework/src/Illuminate/Foundation/Console/Kernel.php(494): Illuminate/Foundation/Application->bootstrapWith(Array)
#6 C:/laragon/www/api-UAS-GoTravelJatim--main/vendor/laravel/framework/src/Illuminate/Foundation/Console/Kernel.php(196): Illuminate/Foundation/Console/Kernel->bootstrap()
#7 C:/laragon/www/api-UAS-GoTravelJatim--main/vendor/laravel/framework/src/Illuminate/Foundation/Application.php(1235): Illuminate/Foundation/Console/Kernel->handle(Object(Symfony/Component/Console/Input/ArgvInput), Object(Symfony/Component/Console/Output/ConsoleOutput))
#8 C:/laragon/www/api-UAS-GoTravelJatim--main/artisan(16): Illuminate/Foundation/Application->handleCommand(Object(Symfony/Component/Console/Input/ArgvInput))
#9 {main}
"} 
[2026-06-07 16:59:21] local.ERROR: Required @OA\Info() not found {"exception":"[object] (ErrorException(code: 0): Required @OA\\Info() not found at C:/laragon/www/api-UAS-GoTravelJatim--main/vendor/zircote/swagger-php/src/Loggers/DefaultLogger.php:23)
[stacktrace]
#0 C:/laragon/www/api-UAS-GoTravelJatim--main/vendor/laravel/framework/src/Illuminate/Foundation/Bootstrap/HandleExceptions.php(258): Illuminate/Foundation/Bootstrap/HandleExceptions->handleError(512, 'Required @OA//In...', 'C://laragon//www//...', 23)
#1 [internal function]: Illuminate/Foundation/Bootstrap/HandleExceptions->Illuminate/Foundation/Bootstrap/{closure}(512, 'Required @OA//In...', 'C://laragon//www//...', 23)
#2 C:/laragon/www/api-UAS-GoTravelJatim--main/vendor/zircote/swagger-php/src/Loggers/DefaultLogger.php(23): trigger_error('Required @OA//In...', 512)
#3 C:/laragon/www/api-UAS-GoTravelJatim--main/vendor/psr/log/src/LoggerTrait.php(61): OpenApi/Loggers/DefaultLogger->log('warning', 'Required @OA//In...', Array)
#4 C:/laragon/www/api-UAS-GoTravelJatim--main/vendor/zircote/swagger-php/src/Annotations/AbstractAnnotation.php(549): Psr/Log/AbstractLogger->warning('Required @OA//In...')
#5 C:/laragon/www/api-UAS-GoTravelJatim--main/vendor/zircote/swagger-php/src/Annotations/OpenApi.php(162): OpenApi/Annotations/AbstractAnnotation->validate(Object(OpenApi/Analysis), '3.0.0', Object(stdClass))
#6 C:/laragon/www/api-UAS-GoTravelJatim--main/vendor/zircote/swagger-php/src/Analysis.php(402): OpenApi/Annotations/OpenApi->validate(Object(OpenApi/Analysis), '3.0.0', Object(stdClass))
#7 C:/laragon/www/api-UAS-GoTravelJatim--main/vendor/zircote/swagger-php/src/Generator.php(408): OpenApi/Analysis->validate()
#8 C:/laragon/www/api-UAS-GoTravelJatim--main/vendor/darkaonline/l5-swagger/src/Generator.php(177): OpenApi/Generator->generate(Object(OpenApi/SourceFinder), Object(OpenApi/Analysis))
#9 C:/laragon/www/api-UAS-GoTravelJatim--main/vendor/darkaonline/l5-swagger/src/Generator.php(118): L5Swagger/Generator->scanFilesForDocumentation()
#10 C:/laragon/www/api-UAS-GoTravelJatim--main/vendor/darkaonline/l5-swagger/src/Console/GenerateDocsCommand.php(73): L5Swagger/Generator->generateDocs()
#11 C:/laragon/www/api-UAS-GoTravelJatim--main/vendor/darkaonline/l5-swagger/src/Console/GenerateDocsCommand.php(56): L5Swagger/Console/GenerateDocsCommand->generateDocumentation(Object(L5Swagger/GeneratorFactory), 'default')
#12 C:/laragon/www/api-UAS-GoTravelJatim--main/vendor/laravel/framework/src/Illuminate/Container/BoundMethod.php(36): L5Swagger/Console/GenerateDocsCommand->handle(Object(L5Swagger/GeneratorFactory))
#13 C:/laragon/www/api-UAS-GoTravelJatim--main/vendor/laravel/framework/src/Illuminate/Container/Util.php(43): Illuminate/Container/BoundMethod::Illuminate/Container/{closure}()
#14 C:/laragon/www/api-UAS-GoTravelJatim--main/vendor/laravel/framework/src/Illuminate/Container/BoundMethod.php(96): Illuminate/Container/Util::unwrapIfClosure(Object(Closure))
#15 C:/laragon/www/api-UAS-GoTravelJatim--main/vendor/laravel/framework/src/Illuminate/Container/BoundMethod.php(35): Illuminate/Container/BoundMethod::callBoundMethod(Object(Illuminate/Foundation/Application), Array, Object(Closure))
#16 C:/laragon/www/api-UAS-GoTravelJatim--main/vendor/laravel/framework/src/Illuminate/Container/Container.php(799): Illuminate/Container/BoundMethod::call(Object(Illuminate/Foundation/Application), Array, Array, NULL)
#17 C:/laragon/www/api-UAS-GoTravelJatim--main/vendor/laravel/framework/src/Illuminate/Console/Command.php(280): Illuminate/Container/Container->call(Array)
#18 C:/laragon/www/api-UAS-GoTravelJatim--main/vendor/symfony/console/Command/Command.php(341): Illuminate/Console/Command->execute(Object(Symfony/Component/Console/Input/ArgvInput), Object(Illuminate/Console/OutputStyle))
#19 C:/laragon/www/api-UAS-GoTravelJatim--main/vendor/laravel/framework/src/Illuminate/Console/Command.php(249): Symfony/Component/Console/Command/Command->run(Object(Symfony/Component/Console/Input/ArgvInput), Object(Illuminate/Console/OutputStyle))
#20 C:/laragon/www/api-UAS-GoTravelJatim--main/vendor/symfony/console/Application.php(1117): Illuminate/Console/Command->run(Object(Symfony/Component/Console/Input/ArgvInput), Object(Symfony/Component/Console/Output/ConsoleOutput))
#21 C:/laragon/www/api-UAS-GoTravelJatim--main/vendor/symfony/console/Application.php(356): Symfony/Component/Console/Application->doRunCommand(Object(L5Swagger/Console/GenerateDocsCommand), Object(Symfony/Component/Console/Input/ArgvInput), Object(Symfony/Component/Console/Output/ConsoleOutput))
#22 C:/laragon/www/api-UAS-GoTravelJatim--main/vendor/symfony/console/Application.php(195): Symfony/Component/Console/Application->doRun(Object(Symfony/Component/Console/Input/ArgvInput), Object(Symfony/Component/Console/Output/ConsoleOutput))
#23 C:/laragon/www/api-UAS-GoTravelJatim--main/vendor/laravel/framework/src/Illuminate/Foundation/Console/Kernel.php(198): Symfony/Component/Console/Application->run(Object(Symfony/Component/Console/Input/ArgvInput), Object(Symfony/Component/Console/Output/ConsoleOutput))
#24 C:/laragon/www/api-UAS-GoTravelJatim--main/vendor/laravel/framework/src/Illuminate/Foundation/Application.php(1235): Illuminate/Foundation/Console/Kernel->handle(Object(Symfony/Component/Console/Input/ArgvInput), Object(Symfony/Component/Console/Output/ConsoleOutput))
#25 C:/laragon/www/api-UAS-GoTravelJatim--main/artisan(16): Illuminate/Foundation/Application->handleCommand(Object(Symfony/Component/Console/Input/ArgvInput))
#26 {main}
"} 
[2026-06-07 17:03:10] local.ERROR: Route [l5-swagger.default.docs] not defined. {"exception":"[object] (Symfony\\Component\\Routing\\Exception\\RouteNotFoundException(code: 0): Route [l5-swagger.default.docs] not defined. at C:/laragon/www/api-UAS-GoTravelJatim--main/vendor/laravel/framework/src/Illuminate/Routing/UrlGenerator.php:546)
[stacktrace]
#0 C:/laragon/www/api-UAS-GoTravelJatim--main/vendor/laravel/framework/src/Illuminate/Foundation/helpers.php(870): Illuminate/Routing/UrlGenerator->route('l5-swagger.defa...', 'api-docs.json', true)
#1 C:/laragon/www/api-UAS-GoTravelJatim--main/vendor/darkaonline/l5-swagger/src/Http/Controllers/SwaggerController.php(170): route('l5-swagger.defa...', 'api-docs.json', true)
#2 C:/laragon/www/api-UAS-GoTravelJatim--main/vendor/darkaonline/l5-swagger/src/Http/Controllers/SwaggerController.php(112): L5Swagger/Http/Controllers/SwaggerController->generateDocumentationFileURL('default', Array)
#3 C:/laragon/www/api-UAS-GoTravelJatim--main/vendor/laravel/framework/src/Illuminate/Routing/Controller.php(54): L5Swagger/Http/Controllers/SwaggerController->api(Object(Illuminate/Http/Request))
#4 C:/laragon/www/api-UAS-GoTravelJatim--main/vendor/laravel/framework/src/Illuminate/Routing/ControllerDispatcher.php(43): Illuminate/Routing/Controller->callAction('api', Array)
#5 C:/laragon/www/api-UAS-GoTravelJatim--main/vendor/laravel/framework/src/Illuminate/Routing/Route.php(269): Illuminate/Routing/ControllerDispatcher->dispatch(Object(Illuminate/Routing/Route), Object(L5Swagger/Http/Controllers/SwaggerController), 'api')
#6 C:/laragon/www/api-UAS-GoTravelJatim--main/vendor/laravel/framework/src/Illuminate/Routing/Route.php(215): Illuminate/Routing/Route->runController()
#7 C:/laragon/www/api-UAS-GoTravelJatim--main/vendor/laravel/framework/src/Illuminate/Routing/Router.php(822): Illuminate/Routing/Route->run()
#8 C:/laragon/www/api-UAS-GoTravelJatim--main/vendor/laravel/framework/src/Illuminate/Pipeline/Pipeline.php(180): Illuminate/Routing/Router->Illuminate/Routing/{closure}(Object(Illuminate/Http/Request))
#9 C:/laragon/www/api-UAS-GoTravelJatim--main/vendor/darkaonline/l5-swagger/src/Http/Middleware/Config.php(36): Illuminate/Pipeline/Pipeline->Illuminate/Pipeline/{closure}(Object(Illuminate/Http/Request))
#10 C:/laragon/www/api-UAS-GoTravelJatim--main/vendor/laravel/framework/src/Illuminate/Pipeline/Pipeline.php(219): L5Swagger/Http/Middleware/Config->handle(Object(Illuminate/Http/Request), Object(Closure))
#11 C:/laragon/www/api-UAS-GoTravelJatim--main/vendor/laravel/framework/src/Illuminate/Pipeline/Pipeline.php(137): Illuminate/Pipeline/Pipeline->Illuminate/Pipeline/{closure}(Object(Illuminate/Http/Request))
#12 C:/laragon/www/api-UAS-GoTravelJatim--main/vendor/laravel/framework/src/Illuminate/Routing/Router.php(821): Illuminate/Pipeline/Pipeline->then(Object(Closure))
#13 C:/laragon/www/api-UAS-GoTravelJatim--main/vendor/laravel/framework/src/Illuminate/Routing/Router.php(800): Illuminate/Routing/Router->runRouteWithinStack(Object(Illuminate/Routing/Route), Object(Illuminate/Http/Request))
#14 C:/laragon/www/api-UAS-GoTravelJatim--main/vendor/laravel/framework/src/Illuminate/Routing/Router.php(764): Illuminate/Routing/Router->runRoute(Object(Illuminate/Http/Request), Object(Illuminate/Routing/Route))
#15 C:/laragon/www/api-UAS-GoTravelJatim--main/vendor/laravel/framework/src/Illuminate/Routing/Router.php(753): Illuminate/Routing/Router->dispatchToRoute(Object(Illuminate/Http/Request))
#16 C:/laragon/www/api-UAS-GoTravelJatim--main/vendor/laravel/framework/src/Illuminate/Foundation/Http/Kernel.php(200): Illuminate/Routing/Router->dispatch(Object(Illuminate/Http/Request))
#17 C:/laragon/www/api-UAS-GoTravelJatim--main/vendor/laravel/framework/src/Illuminate/Pipeline/Pipeline.php(180): Illuminate/Foundation/Http/Kernel->Illuminate/Foundation/Http/{closure}(Object(Illuminate/Http/Request))
#18 C:/laragon/www/api-UAS-GoTravelJatim--main/vendor/laravel/framework/src/Illuminate/Foundation/Http/Middleware/TransformsRequest.php(21): Illuminate/Pipeline/Pipeline->Illuminate/Pipeline/{closure}(Object(Illuminate/Http/Request))
#19 C:/laragon/www/api-UAS-GoTravelJatim--main/vendor/laravel/framework/src/Illuminate/Foundation/Http/Middleware/ConvertEmptyStringsToNull.php(31): Illuminate/Foundation/Http/Middleware/TransformsRequest->handle(Object(Illuminate/Http/Request), Object(Closure))
#20 C:/laragon/www/api-UAS-GoTravelJatim--main/vendor/laravel/framework/src/Illuminate/Pipeline/Pipeline.php(219): Illuminate/Foundation/Http/Middleware/ConvertEmptyStringsToNull->handle(Object(Illuminate/Http/Request), Object(Closure))
#21 C:/laragon/www/api-UAS-GoTravelJatim--main/vendor/laravel/framework/src/Illuminate/Foundation/Http/Middleware/TransformsRequest.php(21): Illuminate/Pipeline/Pipeline->Illuminate/Pipeline/{closure}(Object(Illuminate/Http/Request))
#22 C:/laragon/www/api-UAS-GoTravelJatim--main/vendor/laravel/framework/src/Illuminate/Foundation/Http/Middleware/TrimStrings.php(51): Illuminate/Foundation/Http/Middleware/TransformsRequest->handle(Object(Illuminate/Http/Request), Object(Closure))
#23 C:/laragon/www/api-UAS-GoTravelJatim--main/vendor/laravel/framework/src/Illuminate/Pipeline/Pipeline.php(219): Illuminate/Foundation/Http/Middleware/TrimStrings->handle(Object(Illuminate/Http/Request), Object(Closure))
#24 C:/laragon/www/api-UAS-GoTravelJatim--main/vendor/laravel/framework/src/Illuminate/Http/Middleware/ValidatePostSize.php(27): Illuminate/Pipeline/Pipeline->Illuminate/Pipeline/{closure}(Object(Illuminate/Http/Request))
#25 C:/laragon/www/api-UAS-GoTravelJatim--main/vendor/laravel/framework/src/Illuminate/Pipeline/Pipeline.php(219): Illuminate/Http/Middleware/ValidatePostSize->handle(Object(Illuminate/Http/Request), Object(Closure))
#26 C:/laragon/www/api-UAS-GoTravelJatim--main/vendor/laravel/framework/src/Illuminate/Foundation/Http/Middleware/PreventRequestsDuringMaintenance.php(109): Illuminate/Pipeline/Pipeline->Illuminate/Pipeline/{closure}(Object(Illuminate/Http/Request))
#27 C:/laragon/www/api-UAS-GoTravelJatim--main/vendor/laravel/framework/src/Illuminate/Pipeline/Pipeline.php(219): Illuminate/Foundation/Http/Middleware/PreventRequestsDuringMaintenance->handle(Object(Illuminate/Http/Request), Object(Closure))
#28 C:/laragon/www/api-UAS-GoTravelJatim--main/vendor/laravel/framework/src/Illuminate/Http/Middleware/HandleCors.php(74): Illuminate/Pipeline/Pipeline->Illuminate/Pipeline/{closure}(Object(Illuminate/Http/Request))
#29 C:/laragon/www/api-UAS-GoTravelJatim--main/vendor/laravel/framework/src/Illuminate/Pipeline/Pipeline.php(219): Illuminate/Http/Middleware/HandleCors->handle(Object(Illuminate/Http/Request), Object(Closure))
#30 C:/laragon/www/api-UAS-GoTravelJatim--main/vendor/laravel/framework/src/Illuminate/Http/Middleware/TrustProxies.php(58): Illuminate/Pipeline/Pipeline->Illuminate/Pipeline/{closure}(Object(Illuminate/Http/Request))
#31 C:/laragon/www/api-UAS-GoTravelJatim--main/vendor/laravel/framework/src/Illuminate/Pipeline/Pipeline.php(219): Illuminate/Http/Middleware/TrustProxies->handle(Object(Illuminate/Http/Request), Object(Closure))
#32 C:/laragon/www/api-UAS-GoTravelJatim--main/vendor/laravel/framework/src/Illuminate/Foundation/Http/Middleware/InvokeDeferredCallbacks.php(22): Illuminate/Pipeline/Pipeline->Illuminate/Pipeline/{closure}(Object(Illuminate/Http/Request))
#33 C:/laragon/www/api-UAS-GoTravelJatim--main/vendor/laravel/framework/src/Illuminate/Pipeline/Pipeline.php(219): Illuminate/Foundation/Http/Middleware/InvokeDeferredCallbacks->handle(Object(Illuminate/Http/Request), Object(Closure))
#34 C:/laragon/www/api-UAS-GoTravelJatim--main/vendor/laravel/framework/src/Illuminate/Http/Middleware/ValidatePathEncoding.php(28): Illuminate/Pipeline/Pipeline->Illuminate/Pipeline/{closure}(Object(Illuminate/Http/Request))
#35 C:/laragon/www/api-UAS-GoTravelJatim--main/vendor/laravel/framework/src/Illuminate/Pipeline/Pipeline.php(219): Illuminate/Http/Middleware/ValidatePathEncoding->handle(Object(Illuminate/Http/Request), Object(Closure))
#36 C:/laragon/www/api-UAS-GoTravelJatim--main/vendor/laravel/framework/src/Illuminate/Pipeline/Pipeline.php(137): Illuminate/Pipeline/Pipeline->Illuminate/Pipeline/{closure}(Object(Illuminate/Http/Request))
#37 C:/laragon/www/api-UAS-GoTravelJatim--main/vendor/laravel/framework/src/Illuminate/Foundation/Http/Kernel.php(175): Illuminate/Pipeline/Pipeline->then(Object(Closure))
#38 C:/laragon/www/api-UAS-GoTravelJatim--main/vendor/laravel/framework/src/Illuminate/Foundation/Http/Kernel.php(144): Illuminate/Foundation/Http/Kernel->sendRequestThroughRouter(Object(Illuminate/Http/Request))
#39 C:/laragon/www/api-UAS-GoTravelJatim--main/vendor/laravel/framework/src/Illuminate/Foundation/Application.php(1220): Illuminate/Foundation/Http/Kernel->handle(Object(Illuminate/Http/Request))
#40 C:/laragon/www/api-UAS-GoTravelJatim--main/public/index.php(20): Illuminate/Foundation/Application->handleRequest(Object(Illuminate/Http/Request))
#41 C:/laragon/www/api-UAS-GoTravelJatim--main/vendor/laravel/framework/src/Illuminate/Foundation/resources/server.php(23): require_once('C://laragon//www//...')
#42 {main}
"} 
[2026-06-07 17:03:12] local.ERROR: Route [l5-swagger.default.docs] not defined. {"exception":"[object] (Symfony\\Component\\Routing\\Exception\\RouteNotFoundException(code: 0): Route [l5-swagger.default.docs] not defined. at C:/laragon/www/api-UAS-GoTravelJatim--main/vendor/laravel/framework/src/Illuminate/Routing/UrlGenerator.php:546)
[stacktrace]
#0 C:/laragon/www/api-UAS-GoTravelJatim--main/vendor/laravel/framework/src/Illuminate/Foundation/helpers.php(870): Illuminate/Routing/UrlGenerator->route('l5-swagger.defa...', 'api-docs.json', true)
#1 C:/laragon/www/api-UAS-GoTravelJatim--main/vendor/darkaonline/l5-swagger/src/Http/Controllers/SwaggerController.php(170): route('l5-swagger.defa...', 'api-docs.json', true)
#2 C:/laragon/www/api-UAS-GoTravelJatim--main/vendor/darkaonline/l5-swagger/src/Http/Controllers/SwaggerController.php(112): L5Swagger/Http/Controllers/SwaggerController->generateDocumentationFileURL('default', Array)
#3 C:/laragon/www/api-UAS-GoTravelJatim--main/vendor/laravel/framework/src/Illuminate/Routing/Controller.php(54): L5Swagger/Http/Controllers/SwaggerController->api(Object(Illuminate/Http/Request))
#4 C:/laragon/www/api-UAS-GoTravelJatim--main/vendor/laravel/framework/src/Illuminate/Routing/ControllerDispatcher.php(43): Illuminate/Routing/Controller->callAction('api', Array)
#5 C:/laragon/www/api-UAS-GoTravelJatim--main/vendor/laravel/framework/src/Illuminate/Routing/Route.php(269): Illuminate/Routing/ControllerDispatcher->dispatch(Object(Illuminate/Routing/Route), Object(L5Swagger/Http/Controllers/SwaggerController), 'api')
#6 C:/laragon/www/api-UAS-GoTravelJatim--main/vendor/laravel/framework/src/Illuminate/Routing/Route.php(215): Illuminate/Routing/Route->runController()
#7 C:/laragon/www/api-UAS-GoTravelJatim--main/vendor/laravel/framework/src/Illuminate/Routing/Router.php(822): Illuminate/Routing/Route->run()
#8 C:/laragon/www/api-UAS-GoTravelJatim--main/vendor/laravel/framework/src/Illuminate/Pipeline/Pipeline.php(180): Illuminate/Routing/Router->Illuminate/Routing/{closure}(Object(Illuminate/Http/Request))
#9 C:/laragon/www/api-UAS-GoTravelJatim--main/vendor/darkaonline/l5-swagger/src/Http/Middleware/Config.php(36): Illuminate/Pipeline/Pipeline->Illuminate/Pipeline/{closure}(Object(Illuminate/Http/Request))
#10 C:/laragon/www/api-UAS-GoTravelJatim--main/vendor/laravel/framework/src/Illuminate/Pipeline/Pipeline.php(219): L5Swagger/Http/Middleware/Config->handle(Object(Illuminate/Http/Request), Object(Closure))
#11 C:/laragon/www/api-UAS-GoTravelJatim--main/vendor/laravel/framework/src/Illuminate/Pipeline/Pipeline.php(137): Illuminate/Pipeline/Pipeline->Illuminate/Pipeline/{closure}(Object(Illuminate/Http/Request))
#12 C:/laragon/www/api-UAS-GoTravelJatim--main/vendor/laravel/framework/src/Illuminate/Routing/Router.php(821): Illuminate/Pipeline/Pipeline->then(Object(Closure))
#13 C:/laragon/www/api-UAS-GoTravelJatim--main/vendor/laravel/framework/src/Illuminate/Routing/Router.php(800): Illuminate/Routing/Router->runRouteWithinStack(Object(Illuminate/Routing/Route), Object(Illuminate/Http/Request))
#14 C:/laragon/www/api-UAS-GoTravelJatim--main/vendor/laravel/framework/src/Illuminate/Routing/Router.php(764): Illuminate/Routing/Router->runRoute(Object(Illuminate/Http/Request), Object(Illuminate/Routing/Route))
#15 C:/laragon/www/api-UAS-GoTravelJatim--main/vendor/laravel/framework/src/Illuminate/Routing/Router.php(753): Illuminate/Routing/Router->dispatchToRoute(Object(Illuminate/Http/Request))
#16 C:/laragon/www/api-UAS-GoTravelJatim--main/vendor/laravel/framework/src/Illuminate/Foundation/Http/Kernel.php(200): Illuminate/Routing/Router->dispatch(Object(Illuminate/Http/Request))
#17 C:/laragon/www/api-UAS-GoTravelJatim--main/vendor/laravel/framework/src/Illuminate/Pipeline/Pipeline.php(180): Illuminate/Foundation/Http/Kernel->Illuminate/Foundation/Http/{closure}(Object(Illuminate/Http/Request))
#18 C:/laragon/www/api-UAS-GoTravelJatim--main/vendor/laravel/framework/src/Illuminate/Foundation/Http/Middleware/TransformsRequest.php(21): Illuminate/Pipeline/Pipeline->Illuminate/Pipeline/{closure}(Object(Illuminate/Http/Request))
#19 C:/laragon/www/api-UAS-GoTravelJatim--main/vendor/laravel/framework/src/Illuminate/Foundation/Http/Middleware/ConvertEmptyStringsToNull.php(31): Illuminate/Foundation/Http/Middleware/TransformsRequest->handle(Object(Illuminate/Http/Request), Object(Closure))
#20 C:/laragon/www/api-UAS-GoTravelJatim--main/vendor/laravel/framework/src/Illuminate/Pipeline/Pipeline.php(219): Illuminate/Foundation/Http/Middleware/ConvertEmptyStringsToNull->handle(Object(Illuminate/Http/Request), Object(Closure))
#21 C:/laragon/www/api-UAS-GoTravelJatim--main/vendor/laravel/framework/src/Illuminate/Foundation/Http/Middleware/TransformsRequest.php(21): Illuminate/Pipeline/Pipeline->Illuminate/Pipeline/{closure}(Object(Illuminate/Http/Request))
#22 C:/laragon/www/api-UAS-GoTravelJatim--main/vendor/laravel/framework/src/Illuminate/Foundation/Http/Middleware/TrimStrings.php(51): Illuminate/Foundation/Http/Middleware/TransformsRequest->handle(Object(Illuminate/Http/Request), Object(Closure))
#23 C:/laragon/www/api-UAS-GoTravelJatim--main/vendor/laravel/framework/src/Illuminate/Pipeline/Pipeline.php(219): Illuminate/Foundation/Http/Middleware/TrimStrings->handle(Object(Illuminate/Http/Request), Object(Closure))
#24 C:/laragon/www/api-UAS-GoTravelJatim--main/vendor/laravel/framework/src/Illuminate/Http/Middleware/ValidatePostSize.php(27): Illuminate/Pipeline/Pipeline->Illuminate/Pipeline/{closure}(Object(Illuminate/Http/Request))
#25 C:/laragon/www/api-UAS-GoTravelJatim--main/vendor/laravel/framework/src/Illuminate/Pipeline/Pipeline.php(219): Illuminate/Http/Middleware/ValidatePostSize->handle(Object(Illuminate/Http/Request), Object(Closure))
#26 C:/laragon/www/api-UAS-GoTravelJatim--main/vendor/laravel/framework/src/Illuminate/Foundation/Http/Middleware/PreventRequestsDuringMaintenance.php(109): Illuminate/Pipeline/Pipeline->Illuminate/Pipeline/{closure}(Object(Illuminate/Http/Request))
#27 C:/laragon/www/api-UAS-GoTravelJatim--main/vendor/laravel/framework/src/Illuminate/Pipeline/Pipeline.php(219): Illuminate/Foundation/Http/Middleware/PreventRequestsDuringMaintenance->handle(Object(Illuminate/Http/Request), Object(Closure))
#28 C:/laragon/www/api-UAS-GoTravelJatim--main/vendor/laravel/framework/src/Illuminate/Http/Middleware/HandleCors.php(74): Illuminate/Pipeline/Pipeline->Illuminate/Pipeline/{closure}(Object(Illuminate/Http/Request))
#29 C:/laragon/www/api-UAS-GoTravelJatim--main/vendor/laravel/framework/src/Illuminate/Pipeline/Pipeline.php(219): Illuminate/Http/Middleware/HandleCors->handle(Object(Illuminate/Http/Request), Object(Closure))
#30 C:/laragon/www/api-UAS-GoTravelJatim--main/vendor/laravel/framework/src/Illuminate/Http/Middleware/TrustProxies.php(58): Illuminate/Pipeline/Pipeline->Illuminate/Pipeline/{closure}(Object(Illuminate/Http/Request))
#31 C:/laragon/www/api-UAS-GoTravelJatim--main/vendor/laravel/framework/src/Illuminate/Pipeline/Pipeline.php(219): Illuminate/Http/Middleware/TrustProxies->handle(Object(Illuminate/Http/Request), Object(Closure))
#32 C:/laragon/www/api-UAS-GoTravelJatim--main/vendor/laravel/framework/src/Illuminate/Foundation/Http/Middleware/InvokeDeferredCallbacks.php(22): Illuminate/Pipeline/Pipeline->Illuminate/Pipeline/{closure}(Object(Illuminate/Http/Request))
#33 C:/laragon/www/api-UAS-GoTravelJatim--main/vendor/laravel/framework/src/Illuminate/Pipeline/Pipeline.php(219): Illuminate/Foundation/Http/Middleware/InvokeDeferredCallbacks->handle(Object(Illuminate/Http/Request), Object(Closure))
#34 C:/laragon/www/api-UAS-GoTravelJatim--main/vendor/laravel/framework/src/Illuminate/Http/Middleware/ValidatePathEncoding.php(28): Illuminate/Pipeline/Pipeline->Illuminate/Pipeline/{closure}(Object(Illuminate/Http/Request))
#35 C:/laragon/www/api-UAS-GoTravelJatim--main/vendor/laravel/framework/src/Illuminate/Pipeline/Pipeline.php(219): Illuminate/Http/Middleware/ValidatePathEncoding->handle(Object(Illuminate/Http/Request), Object(Closure))
#36 C:/laragon/www/api-UAS-GoTravelJatim--main/vendor/laravel/framework/src/Illuminate/Pipeline/Pipeline.php(137): Illuminate/Pipeline/Pipeline->Illuminate/Pipeline/{closure}(Object(Illuminate/Http/Request))
#37 C:/laragon/www/api-UAS-GoTravelJatim--main/vendor/laravel/framework/src/Illuminate/Foundation/Http/Kernel.php(175): Illuminate/Pipeline/Pipeline->then(Object(Closure))
#38 C:/laragon/www/api-UAS-GoTravelJatim--main/vendor/laravel/framework/src/Illuminate/Foundation/Http/Kernel.php(144): Illuminate/Foundation/Http/Kernel->sendRequestThroughRouter(Object(Illuminate/Http/Request))
#39 C:/laragon/www/api-UAS-GoTravelJatim--main/vendor/laravel/framework/src/Illuminate/Foundation/Application.php(1220): Illuminate/Foundation/Http/Kernel->handle(Object(Illuminate/Http/Request))
#40 C:/laragon/www/api-UAS-GoTravelJatim--main/public/index.php(20): Illuminate/Foundation/Application->handleRequest(Object(Illuminate/Http/Request))
#41 C:/laragon/www/api-UAS-GoTravelJatim--main/vendor/laravel/framework/src/Illuminate/Foundation/resources/server.php(23): require_once('C://laragon//www//...')
#42 {main}
"} 
